Age,Height_cm,Weight_kg,Gender,Fitness_Goal,Diet_Type,Activity_Level,Monthly_Budget,BMI,BMI_Category
29,169,46,Female,Maintain Fitness,Non-Vegetarian,High,4680,16.11,Underweight
29,150,81,Female,Weight Loss,Vegetarian,Low,3132,36.0,Obese
26,160,79,Male,Weight Loss,Non-Vegetarian,High,4062,30.86,Obese
20,171,80,Female,Muscle Gain,Vegetarian,Low,2875,27.36,Overweight
24,180,47,Male,Maintain Fitness,Vegetarian,Low,1366,14.51,Underweight
29,165,49,Male,Muscle Gain,Non-Vegetarian,High,2804,18.0,Underweight
30,178,80,Female,Muscle Gain,Non-Vegetarian,Moderate,3462,25.25,Overweight
28,183,68,Female,Muscle Gain,Non-Vegetarian,Moderate,4816,20.31,Normal
29,168,70,Female,Weight Loss,Non-Vegetarian,Low,2736,24.8,Normal
22,179,63,Male,Maintain Fitness,Vegetarian,High,2498,19.66,Normal
25,176,92,Male,Maintain Fitness,Non-Vegetarian,High,1630,29.7,Overweight
21,187,91,Female,Weight Loss,Vegetarian,High,2376,26.02,Overweight
27,183,59,Male,Maintain Fitness,Vegetarian,Moderate,4592,17.62,Underweight
21,184,65,Female,Weight Loss,Vegetarian,High,1787,19.2,Normal
20,189,88,Female,Maintain Fitness,Vegetarian,Moderate,4401,24.64,Normal
18,177,94,Female,Maintain Fitness,Non-Vegetarian,High,4224,30.0,Obese
27,155,92,Male,Weight Loss,Vegetarian,High,4506,38.29,Obese
18,163,60,Female,Weight Loss,Vegetarian,Low,2748,22.58,Normal
20,181,91,Male,Weight Loss,Vegetarian,High,2581,27.78,Overweight
23,153,68,Male,Weight Loss,Non-Vegetarian,Moderate,4034,29.05,Overweight
22,158,51,Female,Maintain Fitness,Non-Vegetarian,Low,4496,20.43,Normal
21,159,84,Female,Muscle Gain,Vegetarian,Moderate,3512,33.23,Obese
21,184,93,Female,Muscle Gain,Non-Vegetarian,Moderate,3507,27.47,Overweight
18,155,53,Female,Weight Loss,Non-Vegetarian,High,1115,22.06,Normal
28,158,55,Female,Maintain Fitness,Vegetarian,High,3126,22.03,Normal
20,171,54,Male,Weight Loss,Non-Vegetarian,Low,3332,18.47,Underweight
18,169,58,Female,Muscle Gain,Non-Vegetarian,Low,3243,20.31,Normal
19,168,80,Female,Muscle Gain,Non-Vegetarian,Moderate,2223,28.34,Overweight
24,189,49,Female,Muscle Gain,Non-Vegetarian,High,1836,13.72,Underweight
18,176,94,Female,Muscle Gain,Vegetarian,Low,3020,30.35,Obese
19,173,72,Male,Muscle Gain,Non-Vegetarian,Moderate,4300,24.06,Normal
26,151,92,Male,Weight Loss,Non-Vegetarian,Moderate,2345,40.35,Obese
26,183,55,Female,Weight Loss,Vegetarian,Moderate,2700,16.42,Underweight
28,159,81,Male,Weight Loss,Vegetarian,High,1967,32.04,Obese
21,183,61,Male,Muscle Gain,Non-Vegetarian,Moderate,1738,18.21,Underweight
24,178,87,Female,Maintain Fitness,Vegetarian,Low,2884,27.46,Overweight
22,155,51,Male,Muscle Gain,Non-Vegetarian,High,1256,21.23,Normal
21,157,60,Male,Muscle Gain,Vegetarian,High,1582,24.34,Normal
25,176,78,Female,Muscle Gain,Non-Vegetarian,Moderate,4482,25.18,Overweight
27,165,78,Female,Weight Loss,Non-Vegetarian,Moderate,4251,28.65,Overweight
26,168,87,Female,Weight Loss,Non-Vegetarian,Low,4105,30.82,Obese
29,159,69,Male,Muscle Gain,Vegetarian,High,4570,27.29,Overweight
27,189,78,Female,Weight Loss,Vegetarian,High,3794,21.84,Normal
28,156,62,Male,Weight Loss,Vegetarian,High,1756,25.48,Overweight
18,171,62,Male,Maintain Fitness,Non-Vegetarian,Low,2294,21.2,Normal
29,172,52,Female,Maintain Fitness,Vegetarian,Moderate,2189,17.58,Underweight
18,171,72,Female,Weight Loss,Non-Vegetarian,Moderate,3236,24.62,Normal
25,171,70,Male,Muscle Gain,Non-Vegetarian,High,3012,23.94,Normal
20,168,61,Female,Muscle Gain,Vegetarian,Low,4543,21.61,Normal
19,175,79,Male,Muscle Gain,Non-Vegetarian,High,3374,25.8,Overweight
26,154,94,Female,Weight Loss,Non-Vegetarian,Low,4625,39.64,Obese
24,158,84,Male,Muscle Gain,Vegetarian,High,1098,33.65,Obese
27,186,52,Male,Weight Loss,Vegetarian,High,2518,15.03,Underweight
24,160,90,Female,Muscle Gain,Non-Vegetarian,High,3082,35.16,Obese
28,176,71,Female,Weight Loss,Vegetarian,Moderate,4395,22.92,Normal
20,167,77,Male,Maintain Fitness,Non-Vegetarian,Low,2054,27.61,Overweight
20,163,94,Male,Maintain Fitness,Vegetarian,Low,2081,35.38,Obese
25,153,48,Male,Muscle Gain,Non-Vegetarian,High,3355,20.5,Normal
27,167,68,Female,Muscle Gain,Vegetarian,Moderate,3325,24.38,Normal
19,151,62,Female,Maintain Fitness,Vegetarian,Moderate,3739,27.19,Overweight
26,183,50,Female,Muscle Gain,Non-Vegetarian,High,4207,14.93,Underweight
22,167,78,Female,Maintain Fitness,Vegetarian,Low,1383,27.97,Overweight
28,163,88,Male,Muscle Gain,Vegetarian,Moderate,2398,33.12,Obese
19,166,73,Male,Maintain Fitness,Non-Vegetarian,Low,4992,26.49,Overweight
22,170,89,Female,Maintain Fitness,Non-Vegetarian,Low,1660,30.8,Obese
26,151,56,Male,Weight Loss,Vegetarian,Low,2860,24.56,Normal
23,183,55,Female,Maintain Fitness,Vegetarian,Low,3576,16.42,Underweight
27,152,87,Female,Muscle Gain,Vegetarian,Low,4278,37.66,Obese
19,178,73,Female,Weight Loss,Vegetarian,Low,2625,23.04,Normal
18,173,73,Male,Muscle Gain,Vegetarian,Moderate,3499,24.39,Normal
23,155,56,Female,Muscle Gain,Non-Vegetarian,High,2409,23.31,Normal
27,188,60,Female,Maintain Fitness,Non-Vegetarian,High,3002,16.98,Underweight
25,159,45,Female,Muscle Gain,Vegetarian,High,1121,17.8,Underweight
19,169,55,Male,Maintain Fitness,Vegetarian,High,3224,19.26,Normal
19,178,74,Male,Muscle Gain,Vegetarian,Low,1894,23.36,Normal
30,181,80,Male,Weight Loss,Vegetarian,Moderate,3606,24.42,Normal
20,157,95,Female,Weight Loss,Non-Vegetarian,Moderate,2113,38.54,Obese
21,168,81,Female,Maintain Fitness,Non-Vegetarian,Moderate,3301,28.7,Overweight
27,156,80,Female,Weight Loss,Non-Vegetarian,High,1417,32.87,Obese
26,157,61,Female,Weight Loss,Vegetarian,Moderate,4657,24.75,Normal
25,190,63,Male,Maintain Fitness,Vegetarian,Moderate,3425,17.45,Underweight
25,155,87,Female,Maintain Fitness,Non-Vegetarian,Moderate,3355,36.21,Obese
18,187,69,Female,Weight Loss,Non-Vegetarian,Moderate,3601,19.73,Normal
25,152,88,Female,Weight Loss,Non-Vegetarian,Moderate,3448,38.09,Obese
27,174,68,Female,Weight Loss,Vegetarian,High,4313,22.46,Normal
29,159,53,Female,Maintain Fitness,Non-Vegetarian,High,4369,20.96,Normal
25,171,72,Female,Muscle Gain,Non-Vegetarian,Low,2396,24.62,Normal
24,160,79,Female,Maintain Fitness,Vegetarian,Low,2374,30.86,Obese
26,188,76,Male,Weight Loss,Non-Vegetarian,Low,4751,21.5,Normal
30,178,86,Female,Weight Loss,Non-Vegetarian,Moderate,4621,27.14,Overweight
30,168,45,Female,Weight Loss,Vegetarian,High,1594,15.94,Underweight
27,157,74,Female,Muscle Gain,Non-Vegetarian,Low,3529,30.02,Obese
20,150,57,Female,Weight Loss,Non-Vegetarian,Low,4466,25.33,Overweight
20,169,50,Male,Muscle Gain,Vegetarian,Moderate,1218,17.51,Underweight
23,175,69,Female,Muscle Gain,Vegetarian,Low,3491,22.53,Normal
24,153,75,Female,Muscle Gain,Vegetarian,Moderate,4595,32.04,Obese
27,189,79,Female,Weight Loss,Vegetarian,High,2277,22.12,Normal
22,159,56,Female,Maintain Fitness,Non-Vegetarian,Moderate,4443,22.15,Normal
20,186,55,Female,Muscle Gain,Vegetarian,High,3548,15.9,Underweight
21,173,52,Male,Maintain Fitness,Non-Vegetarian,Moderate,4494,17.37,Underweight
20,175,57,Male,Muscle Gain,Non-Vegetarian,Moderate,3912,18.61,Normal
28,150,45,Female,Weight Loss,Vegetarian,Moderate,2889,20.0,Normal
25,160,66,Male,Muscle Gain,Non-Vegetarian,Low,1623,25.78,Overweight
18,170,87,Male,Muscle Gain,Vegetarian,Low,3485,30.1,Obese
25,183,60,Female,Maintain Fitness,Non-Vegetarian,High,4902,17.92,Underweight
28,153,48,Female,Maintain Fitness,Vegetarian,High,2525,20.5,Normal
24,163,76,Female,Muscle Gain,Non-Vegetarian,Moderate,1184,28.6,Overweight
23,162,58,Female,Weight Loss,Non-Vegetarian,High,1968,22.1,Normal
18,167,83,Female,Muscle Gain,Non-Vegetarian,Low,2396,29.76,Overweight
29,175,80,Male,Muscle Gain,Non-Vegetarian,Moderate,4542,26.12,Overweight
23,153,61,Female,Muscle Gain,Non-Vegetarian,Moderate,2030,26.06,Overweight
18,162,80,Female,Muscle Gain,Non-Vegetarian,Low,4043,30.48,Obese
29,165,53,Female,Muscle Gain,Vegetarian,Moderate,1687,19.47,Normal
18,154,77,Male,Maintain Fitness,Vegetarian,Moderate,3290,32.47,Obese
19,174,91,Male,Weight Loss,Vegetarian,Moderate,1216,30.06,Obese
29,180,87,Female,Weight Loss,Non-Vegetarian,High,4658,26.85,Overweight
29,174,55,Male,Weight Loss,Non-Vegetarian,High,3829,18.17,Underweight
30,183,60,Male,Maintain Fitness,Vegetarian,Low,3467,17.92,Underweight
24,153,77,Female,Muscle Gain,Vegetarian,Low,1201,32.89,Obese
24,160,52,Female,Maintain Fitness,Non-Vegetarian,High,1314,20.31,Normal
25,153,94,Male,Muscle Gain,Non-Vegetarian,High,4032,40.16,Obese
22,164,74,Male,Weight Loss,Non-Vegetarian,Low,4399,27.51,Overweight
28,171,48,Male,Muscle Gain,Vegetarian,High,2563,16.42,Underweight
19,163,68,Male,Muscle Gain,Non-Vegetarian,High,1043,25.59,Overweight
29,150,80,Female,Weight Loss,Vegetarian,Low,3690,35.56,Obese
22,181,93,Male,Muscle Gain,Non-Vegetarian,Moderate,3522,28.39,Overweight
19,153,47,Female,Weight Loss,Non-Vegetarian,High,4999,20.08,Normal
28,160,94,Male,Weight Loss,Vegetarian,Moderate,4949,36.72,Obese
21,159,77,Male,Weight Loss,Vegetarian,High,3601,30.46,Obese
25,163,65,Female,Weight Loss,Non-Vegetarian,Moderate,3524,24.46,Normal
22,150,83,Male,Muscle Gain,Vegetarian,Moderate,2294,36.89,Obese
23,163,70,Male,Weight Loss,Vegetarian,High,4928,26.35,Overweight
18,189,94,Female,Muscle Gain,Non-Vegetarian,Low,2621,26.32,Overweight
24,165,82,Female,Muscle Gain,Vegetarian,Low,4747,30.12,Obese
24,173,94,Male,Weight Loss,Vegetarian,Low,2862,31.41,Obese
30,166,85,Male,Weight Loss,Vegetarian,High,4612,30.85,Obese
20,183,79,Female,Weight Loss,Non-Vegetarian,Low,1776,23.59,Normal
28,152,81,Female,Weight Loss,Non-Vegetarian,Low,4618,35.06,Obese
21,181,63,Male,Maintain Fitness,Non-Vegetarian,Low,1782,19.23,Normal
21,178,76,Male,Weight Loss,Non-Vegetarian,High,3048,23.99,Normal
19,170,86,Female,Maintain Fitness,Vegetarian,High,3326,29.76,Overweight
29,169,45,Male,Muscle Gain,Non-Vegetarian,Moderate,1503,15.76,Underweight
29,158,61,Female,Muscle Gain,Non-Vegetarian,Low,4116,24.44,Normal
26,187,80,Male,Maintain Fitness,Vegetarian,Low,4050,22.88,Normal
27,166,59,Male,Maintain Fitness,Vegetarian,High,1529,21.41,Normal
18,171,82,Male,Weight Loss,Non-Vegetarian,High,3755,28.04,Overweight
21,187,84,Male,Muscle Gain,Vegetarian,High,2734,24.02,Normal
25,179,81,Male,Maintain Fitness,Vegetarian,High,1176,25.28,Overweight
23,175,55,Male,Weight Loss,Vegetarian,High,4095,17.96,Underweight
21,158,66,Female,Maintain Fitness,Non-Vegetarian,High,2775,26.44,Overweight
26,158,95,Female,Maintain Fitness,Non-Vegetarian,Moderate,4151,38.05,Obese
29,162,50,Male,Maintain Fitness,Vegetarian,Low,4721,19.05,Normal
23,189,82,Male,Maintain Fitness,Non-Vegetarian,High,2114,22.96,Normal
20,152,95,Male,Muscle Gain,Vegetarian,Moderate,3570,41.12,Obese
30,181,85,Female,Muscle Gain,Non-Vegetarian,Low,4484,25.95,Overweight
28,152,92,Male,Maintain Fitness,Vegetarian,Low,4294,39.82,Obese
30,177,83,Female,Maintain Fitness,Non-Vegetarian,High,3031,26.49,Overweight
28,177,74,Female,Muscle Gain,Non-Vegetarian,High,3061,23.62,Normal
22,166,69,Female,Maintain Fitness,Vegetarian,Low,3450,25.04,Overweight
22,167,52,Female,Muscle Gain,Non-Vegetarian,Moderate,1970,18.65,Normal
29,172,68,Male,Muscle Gain,Non-Vegetarian,Moderate,4241,22.99,Normal
30,150,61,Female,Maintain Fitness,Vegetarian,Moderate,1154,27.11,Overweight
19,154,87,Male,Weight Loss,Non-Vegetarian,Low,3082,36.68,Obese
26,172,94,Male,Muscle Gain,Vegetarian,Low,3158,31.77,Obese
25,153,68,Male,Maintain Fitness,Non-Vegetarian,High,2528,29.05,Overweight
30,163,65,Female,Weight Loss,Non-Vegetarian,Low,1034,24.46,Normal
23,154,64,Male,Weight Loss,Vegetarian,Moderate,3653,26.99,Overweight
22,175,69,Female,Weight Loss,Vegetarian,Moderate,4534,22.53,Normal
30,181,47,Male,Maintain Fitness,Non-Vegetarian,Low,1985,14.35,Underweight
28,174,62,Female,Weight Loss,Non-Vegetarian,High,2775,20.48,Normal
21,177,47,Female,Muscle Gain,Vegetarian,High,2610,15.0,Underweight
24,157,77,Male,Weight Loss,Non-Vegetarian,Moderate,2540,31.24,Obese
27,181,83,Male,Muscle Gain,Non-Vegetarian,High,4335,25.34,Overweight
21,167,49,Female,Muscle Gain,Non-Vegetarian,Low,2720,17.57,Underweight
20,182,60,Female,Weight Loss,Non-Vegetarian,Low,3006,18.11,Underweight
22,167,60,Male,Maintain Fitness,Vegetarian,Moderate,4037,21.51,Normal
23,173,56,Female,Weight Loss,Vegetarian,Low,2472,18.71,Normal
24,180,76,Male,Maintain Fitness,Vegetarian,High,3907,23.46,Normal
24,180,65,Male,Maintain Fitness,Vegetarian,Low,4723,20.06,Normal
25,150,74,Female,Maintain Fitness,Vegetarian,Moderate,2592,32.89,Obese
29,186,88,Male,Muscle Gain,Non-Vegetarian,Moderate,4426,25.44,Overweight
28,152,77,Female,Weight Loss,Vegetarian,Moderate,3119,33.33,Obese
23,183,60,Male,Weight Loss,Vegetarian,Moderate,2845,17.92,Underweight
30,161,95,Female,Muscle Gain,Vegetarian,Low,2411,36.65,Obese
23,158,89,Male,Maintain Fitness,Non-Vegetarian,Low,4344,35.65,Obese
27,160,87,Male,Muscle Gain,Non-Vegetarian,Moderate,4454,33.98,Obese
27,152,48,Male,Muscle Gain,Non-Vegetarian,Low,3982,20.78,Normal
19,184,73,Male,Maintain Fitness,Vegetarian,High,3301,21.56,Normal
27,158,63,Female,Maintain Fitness,Non-Vegetarian,Low,4485,25.24,Overweight
29,184,77,Male,Weight Loss,Vegetarian,Low,2613,22.74,Normal
29,171,50,Female,Weight Loss,Vegetarian,Low,1753,17.1,Underweight
23,178,76,Male,Maintain Fitness,Vegetarian,Low,3845,23.99,Normal
20,171,83,Male,Weight Loss,Non-Vegetarian,Moderate,1040,28.38,Overweight
24,154,68,Male,Weight Loss,Non-Vegetarian,High,1842,28.67,Overweight
28,176,70,Male,Weight Loss,Non-Vegetarian,High,3958,22.6,Normal
27,167,87,Female,Weight Loss,Non-Vegetarian,High,3743,31.2,Obese
22,183,45,Male,Weight Loss,Non-Vegetarian,High,4148,13.44,Underweight
29,166,72,Male,Weight Loss,Non-Vegetarian,Moderate,2232,26.13,Overweight
20,162,56,Male,Maintain Fitness,Non-Vegetarian,Moderate,1664,21.34,Normal
28,162,76,Male,Muscle Gain,Vegetarian,Moderate,2941,28.96,Overweight
28,181,80,Male,Muscle Gain,Non-Vegetarian,High,3566,24.42,Normal
20,162,70,Female,Weight Loss,Vegetarian,Moderate,1697,26.67,Overweight
30,161,77,Male,Weight Loss,Vegetarian,Moderate,4205,29.71,Overweight
18,177,89,Female,Maintain Fitness,Non-Vegetarian,Low,2461,28.41,Overweight
26,165,55,Male,Maintain Fitness,Non-Vegetarian,High,3818,20.2,Normal
30,161,66,Male,Maintain Fitness,Vegetarian,High,3357,25.46,Overweight
18,167,80,Female,Muscle Gain,Vegetarian,High,4140,28.69,Overweight
29,177,54,Male,Maintain Fitness,Non-Vegetarian,High,3275,17.24,Underweight
21,189,67,Female,Muscle Gain,Vegetarian,High,1909,18.76,Normal
21,173,56,Female,Muscle Gain,Non-Vegetarian,High,3372,18.71,Normal
30,159,46,Female,Maintain Fitness,Vegetarian,High,3180,18.2,Underweight
25,151,70,Male,Maintain Fitness,Vegetarian,High,3709,30.7,Obese
24,181,64,Female,Maintain Fitness,Non-Vegetarian,Low,4385,19.54,Normal
27,188,95,Female,Maintain Fitness,Non-Vegetarian,Low,4417,26.88,Overweight
25,186,65,Male,Weight Loss,Vegetarian,High,4921,18.79,Normal
25,180,64,Female,Muscle Gain,Non-Vegetarian,Low,4287,19.75,Normal
20,163,51,Male,Maintain Fitness,Vegetarian,Moderate,3304,19.2,Normal
28,179,79,Female,Weight Loss,Vegetarian,Moderate,1943,24.66,Normal
21,165,48,Female,Muscle Gain,Non-Vegetarian,Moderate,1596,17.63,Underweight
21,179,87,Female,Muscle Gain,Vegetarian,Low,2796,27.15,Overweight
27,155,84,Female,Weight Loss,Non-Vegetarian,High,1971,34.96,Obese
22,180,84,Male,Maintain Fitness,Non-Vegetarian,Moderate,4913,25.93,Overweight
28,160,95,Male,Weight Loss,Non-Vegetarian,High,1055,37.11,Obese
28,170,71,Male,Muscle Gain,Non-Vegetarian,High,4070,24.57,Normal
19,173,92,Female,Maintain Fitness,Vegetarian,High,3731,30.74,Obese
25,163,50,Female,Maintain Fitness,Non-Vegetarian,Low,4697,18.82,Normal
22,150,79,Female,Maintain Fitness,Non-Vegetarian,Low,2347,35.11,Obese
22,176,75,Female,Weight Loss,Non-Vegetarian,Moderate,3225,24.21,Normal
28,165,95,Male,Muscle Gain,Vegetarian,Moderate,2328,34.89,Obese
26,157,91,Female,Maintain Fitness,Non-Vegetarian,Low,1140,36.92,Obese
22,184,80,Female,Muscle Gain,Vegetarian,Low,1222,23.63,Normal
18,159,91,Male,Maintain Fitness,Vegetarian,High,4418,36.0,Obese
25,189,75,Male,Muscle Gain,Vegetarian,Low,2484,21.0,Normal
22,160,51,Male,Muscle Gain,Vegetarian,Low,4360,19.92,Normal
25,189,62,Female,Weight Loss,Non-Vegetarian,High,1551,17.36,Underweight
20,186,62,Female,Muscle Gain,Non-Vegetarian,High,3363,17.92,Underweight
29,160,68,Male,Weight Loss,Vegetarian,Low,2895,26.56,Overweight
26,169,88,Male,Maintain Fitness,Non-Vegetarian,Moderate,2427,30.81,Obese
29,169,46,Female,Weight Loss,Vegetarian,High,1320,16.11,Underweight
24,185,71,Male,Muscle Gain,Non-Vegetarian,Moderate,1469,20.75,Normal
28,153,53,Female,Weight Loss,Non-Vegetarian,Moderate,1589,22.64,Normal
29,168,72,Male,Muscle Gain,Vegetarian,Low,3666,25.51,Overweight
29,156,71,Female,Maintain Fitness,Non-Vegetarian,High,4980,29.17,Overweight
29,178,66,Male,Weight Loss,Vegetarian,Low,4999,20.83,Normal
19,186,88,Female,Maintain Fitness,Vegetarian,High,1280,25.44,Overweight
22,183,71,Male,Maintain Fitness,Vegetarian,Low,3622,21.2,Normal
19,169,80,Female,Muscle Gain,Non-Vegetarian,Moderate,2313,28.01,Overweight
19,173,59,Male,Muscle Gain,Non-Vegetarian,Moderate,2472,19.71,Normal
18,174,58,Male,Weight Loss,Vegetarian,High,1381,19.16,Normal
22,189,94,Female,Muscle Gain,Vegetarian,Low,3035,26.32,Overweight
24,155,89,Female,Maintain Fitness,Non-Vegetarian,Moderate,2549,37.04,Obese
20,153,65,Female,Muscle Gain,Non-Vegetarian,High,4158,27.77,Overweight
29,181,50,Male,Muscle Gain,Vegetarian,High,3539,15.26,Underweight
18,180,72,Male,Muscle Gain,Vegetarian,Low,1143,22.22,Normal
27,166,81,Female,Maintain Fitness,Non-Vegetarian,High,4700,29.39,Overweight
20,156,62,Male,Weight Loss,Vegetarian,Moderate,4390,25.48,Overweight
24,188,75,Male,Weight Loss,Vegetarian,Moderate,2046,21.22,Normal
23,178,47,Female,Weight Loss,Non-Vegetarian,Moderate,3742,14.83,Underweight
26,153,77,Female,Weight Loss,Vegetarian,Low,3725,32.89,Obese
19,159,91,Male,Weight Loss,Vegetarian,High,2515,36.0,Obese
20,163,71,Male,Muscle Gain,Vegetarian,High,2301,26.72,Overweight
20,165,89,Female,Muscle Gain,Non-Vegetarian,Low,1794,32.69,Obese
22,155,63,Female,Muscle Gain,Non-Vegetarian,Moderate,4733,26.22,Overweight
24,182,94,Female,Weight Loss,Vegetarian,Low,4671,28.38,Overweight
25,166,94,Female,Muscle Gain,Non-Vegetarian,Low,2788,34.11,Obese
22,150,82,Female,Muscle Gain,Non-Vegetarian,Moderate,3423,36.44,Obese
28,187,46,Male,Weight Loss,Non-Vegetarian,Low,3524,13.15,Underweight
21,189,80,Female,Muscle Gain,Non-Vegetarian,Moderate,2061,22.4,Normal
28,182,56,Male,Muscle Gain,Vegetarian,Moderate,2785,16.91,Underweight
19,187,79,Female,Maintain Fitness,Vegetarian,Moderate,3422,22.59,Normal
20,155,52,Male,Muscle Gain,Vegetarian,High,2472,21.64,Normal
25,189,94,Male,Maintain Fitness,Vegetarian,High,1518,26.32,Overweight
28,187,92,Male,Weight Loss,Vegetarian,Low,4130,26.31,Overweight
24,172,88,Female,Weight Loss,Vegetarian,High,4729,29.75,Overweight
19,182,49,Female,Maintain Fitness,Non-Vegetarian,Low,1567,14.79,Underweight
20,189,61,Male,Muscle Gain,Vegetarian,Low,1855,17.08,Underweight
28,174,90,Female,Muscle Gain,Vegetarian,Moderate,3201,29.73,Overweight
30,170,92,Male,Maintain Fitness,Non-Vegetarian,Moderate,1516,31.83,Obese
25,176,95,Female,Weight Loss,Vegetarian,Moderate,2653,30.67,Obese
24,166,65,Female,Maintain Fitness,Vegetarian,Low,1474,23.59,Normal
18,151,68,Female,Maintain Fitness,Vegetarian,Moderate,2572,29.82,Overweight
19,157,51,Female,Muscle Gain,Non-Vegetarian,High,4783,20.69,Normal
28,160,72,Female,Muscle Gain,Non-Vegetarian,Low,2682,28.12,Overweight
22,153,88,Male,Maintain Fitness,Non-Vegetarian,Low,2401,37.59,Obese
24,181,75,Female,Weight Loss,Non-Vegetarian,High,1255,22.89,Normal
19,150,70,Female,Muscle Gain,Vegetarian,Moderate,2070,31.11,Obese
29,161,75,Female,Maintain Fitness,Non-Vegetarian,High,4275,28.93,Overweight
27,177,59,Male,Maintain Fitness,Vegetarian,High,4562,18.83,Normal
28,162,54,Male,Maintain Fitness,Non-Vegetarian,High,2089,20.58,Normal
24,173,88,Male,Weight Loss,Non-Vegetarian,Low,1529,29.4,Overweight
20,162,74,Male,Weight Loss,Non-Vegetarian,Moderate,3030,28.2,Overweight
28,184,49,Female,Maintain Fitness,Non-Vegetarian,Moderate,3575,14.47,Underweight
22,154,84,Male,Weight Loss,Vegetarian,High,1199,35.42,Obese
25,185,60,Female,Muscle Gain,Non-Vegetarian,Low,4480,17.53,Underweight
29,173,50,Male,Weight Loss,Non-Vegetarian,Low,2452,16.71,Underweight
25,184,83,Female,Muscle Gain,Vegetarian,High,4937,24.52,Normal
20,164,74,Male,Muscle Gain,Non-Vegetarian,Low,3917,27.51,Overweight
29,153,80,Male,Maintain Fitness,Non-Vegetarian,Low,4087,34.17,Obese
28,183,84,Male,Maintain Fitness,Non-Vegetarian,High,3943,25.08,Overweight
24,155,85,Female,Maintain Fitness,Vegetarian,Moderate,2672,35.38,Obese
23,175,77,Male,Weight Loss,Vegetarian,High,3201,25.14,Overweight
20,158,86,Male,Muscle Gain,Vegetarian,High,3576,34.45,Obese
19,169,77,Male,Maintain Fitness,Vegetarian,High,3632,26.96,Overweight
21,185,82,Female,Muscle Gain,Non-Vegetarian,Moderate,1868,23.96,Normal
18,170,92,Male,Weight Loss,Non-Vegetarian,High,2801,31.83,Obese
25,165,87,Female,Maintain Fitness,Non-Vegetarian,High,4640,31.96,Obese
26,190,56,Female,Weight Loss,Vegetarian,High,2173,15.51,Underweight
20,169,86,Male,Weight Loss,Non-Vegetarian,Moderate,3703,30.11,Obese
25,190,60,Female,Muscle Gain,Non-Vegetarian,Moderate,3877,16.62,Underweight
22,156,45,Female,Maintain Fitness,Vegetarian,High,3627,18.49,Underweight
23,175,69,Female,Weight Loss,Vegetarian,High,4771,22.53,Normal
27,166,72,Male,Weight Loss,Vegetarian,Low,2200,26.13,Overweight
25,159,57,Male,Weight Loss,Vegetarian,Low,1299,22.55,Normal
27,156,75,Male,Weight Loss,Vegetarian,Low,2359,30.82,Obese
23,151,85,Female,Muscle Gain,Vegetarian,Moderate,4667,37.28,Obese
18,165,80,Male,Weight Loss,Non-Vegetarian,High,3415,29.38,Overweight
24,151,81,Male,Weight Loss,Vegetarian,Moderate,1588,35.52,Obese
26,190,47,Male,Muscle Gain,Non-Vegetarian,Low,3567,13.02,Underweight
27,190,83,Male,Weight Loss,Vegetarian,High,1957,22.99,Normal
25,157,89,Female,Maintain Fitness,Non-Vegetarian,High,4634,36.11,Obese
18,158,91,Female,Maintain Fitness,Vegetarian,Moderate,2033,36.45,Obese
27,152,53,Female,Muscle Gain,Non-Vegetarian,Low,4129,22.94,Normal
29,175,89,Female,Muscle Gain,Vegetarian,Low,2130,29.06,Overweight
22,183,55,Male,Muscle Gain,Non-Vegetarian,High,1433,16.42,Underweight
21,182,83,Male,Maintain Fitness,Vegetarian,Low,2712,25.06,Overweight
20,166,87,Male,Muscle Gain,Non-Vegetarian,Moderate,3997,31.57,Obese
22,171,57,Female,Muscle Gain,Vegetarian,Low,1172,19.49,Normal
24,150,68,Female,Muscle Gain,Non-Vegetarian,Moderate,3186,30.22,Obese
20,163,68,Male,Maintain Fitness,Vegetarian,Low,2692,25.59,Overweight
25,182,62,Female,Muscle Gain,Vegetarian,High,3064,18.72,Normal
18,181,61,Male,Muscle Gain,Non-Vegetarian,Low,1649,18.62,Normal
24,173,46,Female,Muscle Gain,Vegetarian,High,2392,15.37,Underweight
26,162,67,Male,Muscle Gain,Non-Vegetarian,Moderate,3840,25.53,Overweight
28,187,66,Male,Weight Loss,Non-Vegetarian,Moderate,3806,18.87,Normal
28,173,92,Female,Maintain Fitness,Non-Vegetarian,Low,4798,30.74,Obese
25,180,47,Female,Muscle Gain,Vegetarian,Low,2339,14.51,Underweight
24,183,81,Male,Muscle Gain,Vegetarian,Moderate,1642,24.19,Normal
18,174,92,Male,Maintain Fitness,Vegetarian,Moderate,1108,30.39,Obese
30,153,51,Male,Weight Loss,Non-Vegetarian,High,3464,21.79,Normal
29,157,68,Male,Maintain Fitness,Vegetarian,Moderate,1361,27.59,Overweight
30,154,65,Male,Maintain Fitness,Non-Vegetarian,Low,3038,27.41,Overweight
26,167,77,Male,Muscle Gain,Vegetarian,High,4071,27.61,Overweight
28,179,45,Male,Weight Loss,Non-Vegetarian,Moderate,1078,14.04,Underweight
22,154,49,Female,Weight Loss,Vegetarian,High,3689,20.66,Normal
30,155,69,Female,Muscle Gain,Vegetarian,Low,3397,28.72,Overweight
26,188,67,Female,Muscle Gain,Vegetarian,High,1907,18.96,Normal
22,159,78,Male,Maintain Fitness,Non-Vegetarian,Moderate,4937,30.85,Obese
23,188,46,Female,Weight Loss,Non-Vegetarian,High,2814,13.01,Underweight
21,186,53,Male,Weight Loss,Non-Vegetarian,Low,3691,15.32,Underweight
28,181,86,Female,Maintain Fitness,Vegetarian,High,1737,26.25,Overweight
18,173,93,Female,Maintain Fitness,Vegetarian,Low,4620,31.07,Obese
29,189,46,Male,Muscle Gain,Vegetarian,High,2977,12.88,Underweight
18,180,73,Female,Muscle Gain,Vegetarian,Low,2131,22.53,Normal
26,153,68,Male,Muscle Gain,Vegetarian,High,4736,29.05,Overweight
27,152,71,Female,Maintain Fitness,Vegetarian,High,2495,30.73,Obese
27,159,63,Male,Muscle Gain,Non-Vegetarian,Low,2410,24.92,Normal
23,177,89,Male,Maintain Fitness,Non-Vegetarian,High,3128,28.41,Overweight
24,152,93,Female,Muscle Gain,Non-Vegetarian,Moderate,3150,40.25,Obese
26,164,80,Female,Weight Loss,Non-Vegetarian,Low,1634,29.74,Overweight
25,152,61,Male,Weight Loss,Non-Vegetarian,High,4030,26.4,Overweight
18,156,53,Female,Maintain Fitness,Vegetarian,Low,3610,21.78,Normal
21,151,92,Male,Weight Loss,Vegetarian,High,2172,40.35,Obese
26,182,60,Male,Muscle Gain,Non-Vegetarian,High,3567,18.11,Underweight
20,163,70,Female,Weight Loss,Non-Vegetarian,High,3300,26.35,Overweight
27,175,85,Male,Muscle Gain,Vegetarian,Moderate,4742,27.76,Overweight
22,159,50,Male,Muscle Gain,Non-Vegetarian,High,2483,19.78,Normal
25,152,60,Female,Maintain Fitness,Non-Vegetarian,High,1756,25.97,Overweight
28,189,49,Female,Weight Loss,Non-Vegetarian,Moderate,4223,13.72,Underweight
20,155,55,Male,Muscle Gain,Vegetarian,High,4315,22.89,Normal
30,184,76,Male,Maintain Fitness,Non-Vegetarian,High,2599,22.45,Normal
24,168,50,Female,Weight Loss,Vegetarian,High,1030,17.72,Underweight
26,159,93,Female,Maintain Fitness,Non-Vegetarian,Moderate,2305,36.79,Obese
20,155,76,Female,Muscle Gain,Vegetarian,Moderate,1562,31.63,Obese
23,166,64,Male,Muscle Gain,Vegetarian,Low,1090,23.23,Normal
27,178,86,Female,Weight Loss,Non-Vegetarian,High,4568,27.14,Overweight
26,178,49,Male,Maintain Fitness,Vegetarian,Low,2576,15.47,Underweight
25,178,67,Male,Weight Loss,Non-Vegetarian,Low,3339,21.15,Normal
22,186,71,Female,Muscle Gain,Non-Vegetarian,Low,3355,20.52,Normal
20,150,94,Female,Maintain Fitness,Vegetarian,Low,2625,41.78,Obese
22,181,50,Male,Weight Loss,Vegetarian,High,1372,15.26,Underweight
24,168,69,Male,Weight Loss,Vegetarian,High,1531,24.45,Normal
27,175,79,Male,Weight Loss,Vegetarian,Moderate,4380,25.8,Overweight
25,182,58,Male,Weight Loss,Vegetarian,Low,1956,17.51,Underweight
25,190,75,Female,Weight Loss,Non-Vegetarian,Low,3030,20.78,Normal
19,173,53,Male,Weight Loss,Non-Vegetarian,Low,4168,17.71,Underweight
22,178,51,Male,Muscle Gain,Vegetarian,High,4747,16.1,Underweight
20,170,78,Female,Weight Loss,Vegetarian,Moderate,1545,26.99,Overweight
21,186,49,Female,Maintain Fitness,Vegetarian,High,1579,14.16,Underweight
19,184,58,Female,Muscle Gain,Vegetarian,Moderate,1158,17.13,Underweight
28,165,63,Male,Weight Loss,Non-Vegetarian,Low,4181,23.14,Normal
30,167,77,Female,Maintain Fitness,Non-Vegetarian,High,3198,27.61,Overweight
18,176,51,Male,Muscle Gain,Vegetarian,Moderate,1376,16.46,Underweight
24,177,61,Male,Weight Loss,Vegetarian,High,1182,19.47,Normal
18,156,92,Male,Muscle Gain,Vegetarian,Low,4661,37.8,Obese
30,153,68,Female,Maintain Fitness,Vegetarian,High,4022,29.05,Overweight
22,161,85,Male,Maintain Fitness,Non-Vegetarian,High,4907,32.79,Obese
20,186,45,Male,Maintain Fitness,Vegetarian,Moderate,4996,13.01,Underweight
18,187,73,Male,Weight Loss,Vegetarian,High,1021,20.88,Normal
21,157,64,Male,Weight Loss,Vegetarian,Moderate,3083,25.96,Overweight
21,150,52,Female,Muscle Gain,Vegetarian,High,2781,23.11,Normal
26,185,63,Male,Maintain Fitness,Non-Vegetarian,High,1017,18.41,Underweight
19,167,74,Male,Muscle Gain,Vegetarian,Low,4754,26.53,Overweight
23,179,84,Female,Weight Loss,Vegetarian,High,1822,26.22,Overweight
20,163,61,Male,Muscle Gain,Vegetarian,High,1206,22.96,Normal
26,156,68,Male,Muscle Gain,Non-Vegetarian,High,3754,27.94,Overweight
22,177,54,Female,Weight Loss,Non-Vegetarian,High,4687,17.24,Underweight
19,188,79,Male,Maintain Fitness,Non-Vegetarian,Low,4021,22.35,Normal
20,180,94,Female,Weight Loss,Non-Vegetarian,High,1147,29.01,Overweight
21,185,67,Female,Maintain Fitness,Vegetarian,Moderate,3664,19.58,Normal
27,182,77,Female,Muscle Gain,Non-Vegetarian,Moderate,4006,23.25,Normal
28,162,88,Female,Maintain Fitness,Non-Vegetarian,Moderate,3586,33.53,Obese
20,173,64,Female,Muscle Gain,Non-Vegetarian,High,2657,21.38,Normal
24,167,70,Male,Maintain Fitness,Vegetarian,High,2581,25.1,Overweight
25,174,93,Male,Maintain Fitness,Vegetarian,Moderate,1660,30.72,Obese
27,176,93,Male,Weight Loss,Non-Vegetarian,Moderate,4415,30.02,Obese
22,172,91,Male,Muscle Gain,Vegetarian,Low,3222,30.76,Obese
24,158,62,Male,Maintain Fitness,Vegetarian,Low,2374,24.84,Normal
19,151,54,Male,Weight Loss,Vegetarian,Moderate,3634,23.68,Normal
26,186,82,Male,Maintain Fitness,Non-Vegetarian,High,1336,23.7,Normal
27,169,74,Female,Muscle Gain,Vegetarian,High,3723,25.91,Overweight
19,179,51,Female,Weight Loss,Non-Vegetarian,Moderate,3232,15.92,Underweight
27,176,75,Female,Weight Loss,Non-Vegetarian,Low,2523,24.21,Normal
28,170,51,Male,Maintain Fitness,Non-Vegetarian,Low,3665,17.65,Underweight
21,185,80,Female,Maintain Fitness,Vegetarian,High,1479,23.37,Normal
23,188,87,Male,Weight Loss,Non-Vegetarian,High,1124,24.62,Normal
23,162,68,Male,Muscle Gain,Non-Vegetarian,Low,3577,25.91,Overweight
20,190,72,Male,Maintain Fitness,Vegetarian,High,3332,19.94,Normal
28,180,61,Male,Muscle Gain,Non-Vegetarian,Low,2223,18.83,Normal
24,159,74,Female,Weight Loss,Non-Vegetarian,High,3127,29.27,Overweight
25,183,89,Male,Maintain Fitness,Vegetarian,Low,1538,26.58,Overweight
18,169,59,Male,Muscle Gain,Non-Vegetarian,High,4937,20.66,Normal
30,188,46,Female,Maintain Fitness,Non-Vegetarian,Moderate,4848,13.01,Underweight
28,154,48,Female,Muscle Gain,Vegetarian,High,4005,20.24,Normal
23,160,79,Male,Muscle Gain,Vegetarian,Moderate,4379,30.86,Obese
21,163,47,Male,Muscle Gain,Non-Vegetarian,High,1098,17.69,Underweight
27,159,95,Male,Muscle Gain,Non-Vegetarian,Low,4156,37.58,Obese
22,177,45,Female,Maintain Fitness,Non-Vegetarian,High,4222,14.36,Underweight
19,187,75,Male,Muscle Gain,Non-Vegetarian,Low,1975,21.45,Normal
19,179,86,Male,Maintain Fitness,Non-Vegetarian,High,1927,26.84,Overweight
20,174,52,Male,Maintain Fitness,Non-Vegetarian,High,1969,17.18,Underweight
21,184,49,Female,Maintain Fitness,Non-Vegetarian,Moderate,1680,14.47,Underweight
23,156,71,Female,Muscle Gain,Non-Vegetarian,Low,3555,29.17,Overweight
20,178,76,Female,Weight Loss,Vegetarian,High,3917,23.99,Normal
23,187,72,Male,Maintain Fitness,Vegetarian,Low,1364,20.59,Normal
29,155,54,Male,Muscle Gain,Vegetarian,Low,1507,22.48,Normal
26,164,79,Female,Maintain Fitness,Vegetarian,Moderate,3898,29.37,Overweight
27,186,54,Male,Maintain Fitness,Non-Vegetarian,Low,1165,15.61,Underweight
29,177,76,Male,Maintain Fitness,Non-Vegetarian,Low,4451,24.26,Normal
19,168,52,Male,Muscle Gain,Vegetarian,High,3750,18.42,Underweight
24,190,74,Male,Weight Loss,Vegetarian,High,4978,20.5,Normal
25,176,55,Male,Weight Loss,Non-Vegetarian,High,3237,17.76,Underweight
24,167,84,Female,Muscle Gain,Non-Vegetarian,Low,2281,30.12,Obese
25,153,76,Male,Weight Loss,Non-Vegetarian,Moderate,3448,32.47,Obese
20,168,88,Female,Maintain Fitness,Vegetarian,Low,3742,31.18,Obese
19,162,58,Male,Muscle Gain,Vegetarian,Moderate,2285,22.1,Normal
18,179,68,Male,Muscle Gain,Non-Vegetarian,Low,1297,21.22,Normal
21,152,86,Male,Maintain Fitness,Non-Vegetarian,Low,3034,37.22,Obese
30,187,61,Male,Weight Loss,Vegetarian,Moderate,2197,17.44,Underweight
23,162,81,Female,Weight Loss,Vegetarian,Low,2719,30.86,Obese
22,178,78,Female,Maintain Fitness,Non-Vegetarian,Low,1673,24.62,Normal
25,169,65,Female,Muscle Gain,Vegetarian,Low,3741,22.76,Normal
18,181,66,Male,Maintain Fitness,Vegetarian,Low,2061,20.15,Normal
29,180,73,Female,Maintain Fitness,Non-Vegetarian,High,1807,22.53,Normal
20,159,91,Male,Muscle Gain,Vegetarian,Low,1658,36.0,Obese
20,175,50,Male,Maintain Fitness,Vegetarian,Low,3763,16.33,Underweight
23,180,52,Male,Weight Loss,Vegetarian,High,1298,16.05,Underweight
22,177,74,Female,Muscle Gain,Vegetarian,High,3653,23.62,Normal
24,184,63,Female,Weight Loss,Vegetarian,Low,1298,18.61,Normal
24,186,77,Male,Maintain Fitness,Vegetarian,Moderate,2024,22.26,Normal
25,176,77,Female,Weight Loss,Non-Vegetarian,Low,3981,24.86,Normal
22,166,60,Female,Weight Loss,Non-Vegetarian,Low,2219,21.77,Normal
25,189,67,Female,Weight Loss,Non-Vegetarian,Moderate,4579,18.76,Normal
27,161,57,Female,Weight Loss,Vegetarian,High,3367,21.99,Normal
30,181,68,Male,Maintain Fitness,Non-Vegetarian,High,2836,20.76,Normal
19,182,46,Female,Muscle Gain,Vegetarian,High,3319,13.89,Underweight
26,164,84,Female,Muscle Gain,Non-Vegetarian,Low,4609,31.23,Obese
25,164,58,Female,Weight Loss,Vegetarian,Low,1469,21.56,Normal
25,186,63,Male,Weight Loss,Vegetarian,High,2875,18.21,Underweight
29,151,51,Male,Weight Loss,Vegetarian,Low,2527,22.37,Normal
30,162,55,Male,Maintain Fitness,Non-Vegetarian,Low,2272,20.96,Normal
20,161,54,Female,Maintain Fitness,Non-Vegetarian,High,4652,20.83,Normal
25,187,60,Male,Maintain Fitness,Non-Vegetarian,High,4784,17.16,Underweight
21,188,52,Female,Muscle Gain,Non-Vegetarian,Low,1095,14.71,Underweight
28,180,89,Male,Muscle Gain,Non-Vegetarian,Low,2187,27.47,Overweight
23,168,94,Female,Muscle Gain,Vegetarian,Low,4883,33.3,Obese
19,180,54,Male,Weight Loss,Vegetarian,Low,4111,16.67,Underweight
18,169,46,Female,Muscle Gain,Non-Vegetarian,High,2890,16.11,Underweight
23,156,80,Female,Weight Loss,Vegetarian,High,2381,32.87,Obese
25,156,52,Male,Weight Loss,Non-Vegetarian,Moderate,3249,21.37,Normal
24,155,95,Female,Muscle Gain,Vegetarian,High,3186,39.54,Obese
25,153,55,Male,Muscle Gain,Vegetarian,Low,1501,23.5,Normal
24,172,58,Female,Maintain Fitness,Non-Vegetarian,Low,1727,19.61,Normal
20,152,68,Male,Weight Loss,Non-Vegetarian,High,3146,29.43,Overweight
26,154,88,Female,Maintain Fitness,Vegetarian,Low,4660,37.11,Obese
22,152,48,Female,Weight Loss,Non-Vegetarian,High,4055,20.78,Normal
30,158,57,Male,Weight Loss,Non-Vegetarian,Low,4763,22.83,Normal
30,180,92,Male,Maintain Fitness,Vegetarian,Low,3045,28.4,Overweight
19,153,54,Male,Weight Loss,Vegetarian,High,1020,23.07,Normal
21,167,88,Female,Weight Loss,Vegetarian,Moderate,2767,31.55,Obese
19,179,62,Male,Muscle Gain,Non-Vegetarian,High,3623,19.35,Normal
23,173,61,Male,Maintain Fitness,Vegetarian,High,2642,20.38,Normal
25,160,85,Female,Weight Loss,Non-Vegetarian,Low,4506,33.2,Obese
28,178,81,Female,Maintain Fitness,Non-Vegetarian,High,4313,25.56,Overweight
28,165,73,Female,Muscle Gain,Non-Vegetarian,Moderate,3473,26.81,Overweight
18,157,89,Male,Maintain Fitness,Vegetarian,High,1108,36.11,Obese
26,182,85,Female,Maintain Fitness,Non-Vegetarian,High,3550,25.66,Overweight
25,171,91,Male,Muscle Gain,Vegetarian,Low,1256,31.12,Obese
19,163,77,Female,Muscle Gain,Vegetarian,High,3863,28.98,Overweight
22,157,69,Male,Maintain Fitness,Non-Vegetarian,Low,4712,27.99,Overweight
23,153,54,Female,Maintain Fitness,Non-Vegetarian,Low,3741,23.07,Normal
24,182,88,Male,Muscle Gain,Non-Vegetarian,High,4035,26.57,Overweight
29,158,59,Male,Muscle Gain,Vegetarian,High,3257,23.63,Normal
29,180,62,Male,Muscle Gain,Vegetarian,High,2024,19.14,Normal
20,188,73,Male,Weight Loss,Vegetarian,Low,3201,20.65,Normal
23,152,58,Female,Weight Loss,Non-Vegetarian,Low,4075,25.1,Overweight
22,190,57,Female,Maintain Fitness,Vegetarian,Low,2606,15.79,Underweight
19,180,78,Male,Maintain Fitness,Non-Vegetarian,Low,2511,24.07,Normal
29,154,85,Male,Weight Loss,Non-Vegetarian,High,2743,35.84,Obese
30,175,74,Female,Weight Loss,Non-Vegetarian,High,1049,24.16,Normal
20,154,65,Male,Maintain Fitness,Non-Vegetarian,Moderate,1704,27.41,Overweight
19,168,47,Female,Weight Loss,Non-Vegetarian,Low,1360,16.65,Underweight
18,188,50,Female,Maintain Fitness,Vegetarian,Moderate,1125,14.15,Underweight
27,170,48,Male,Weight Loss,Non-Vegetarian,Low,1307,16.61,Underweight
21,163,77,Female,Muscle Gain,Vegetarian,Low,1602,28.98,Overweight
24,165,56,Female,Maintain Fitness,Non-Vegetarian,High,3147,20.57,Normal
18,188,89,Male,Weight Loss,Non-Vegetarian,Low,1867,25.18,Overweight
22,169,55,Male,Muscle Gain,Non-Vegetarian,High,3832,19.26,Normal
19,159,67,Female,Muscle Gain,Vegetarian,Low,1800,26.5,Overweight
29,190,49,Female,Weight Loss,Non-Vegetarian,High,4718,13.57,Underweight
29,165,48,Male,Maintain Fitness,Non-Vegetarian,Moderate,4541,17.63,Underweight
25,185,45,Female,Maintain Fitness,Vegetarian,Low,3218,13.15,Underweight
23,167,67,Female,Weight Loss,Non-Vegetarian,Low,2570,24.02,Normal
19,159,74,Male,Weight Loss,Non-Vegetarian,Moderate,2554,29.27,Overweight
19,157,83,Female,Maintain Fitness,Vegetarian,High,3112,33.67,Obese
26,164,78,Female,Weight Loss,Non-Vegetarian,Moderate,4261,29.0,Overweight
24,169,56,Female,Muscle Gain,Vegetarian,Moderate,3502,19.61,Normal
21,174,88,Female,Maintain Fitness,Vegetarian,High,1344,29.07,Overweight
29,157,48,Female,Maintain Fitness,Vegetarian,Low,3602,19.47,Normal
21,188,75,Female,Muscle Gain,Non-Vegetarian,Low,4449,21.22,Normal
25,183,77,Male,Weight Loss,Vegetarian,Moderate,1762,22.99,Normal
28,166,90,Male,Muscle Gain,Non-Vegetarian,High,4165,32.66,Obese
27,182,53,Male,Muscle Gain,Non-Vegetarian,High,3778,16.0,Underweight
19,166,77,Male,Maintain Fitness,Non-Vegetarian,High,4497,27.94,Overweight
25,172,69,Male,Maintain Fitness,Vegetarian,Moderate,3299,23.32,Normal
25,177,95,Female,Muscle Gain,Vegetarian,Low,1735,30.32,Obese
25,175,70,Female,Weight Loss,Vegetarian,High,4240,22.86,Normal
19,163,45,Male,Maintain Fitness,Non-Vegetarian,Low,1612,16.94,Underweight
30,180,93,Female,Maintain Fitness,Vegetarian,High,2990,28.7,Overweight
24,153,66,Male,Muscle Gain,Non-Vegetarian,Moderate,4448,28.19,Overweight
25,183,66,Female,Muscle Gain,Vegetarian,Moderate,4470,19.71,Normal
18,190,61,Male,Weight Loss,Vegetarian,High,4475,16.9,Underweight
23,166,54,Male,Weight Loss,Non-Vegetarian,Moderate,2868,19.6,Normal
25,156,79,Female,Muscle Gain,Non-Vegetarian,High,3905,32.46,Obese
26,152,54,Male,Weight Loss,Non-Vegetarian,Low,1664,23.37,Normal
18,177,74,Female,Muscle Gain,Non-Vegetarian,Low,2145,23.62,Normal
22,184,77,Female,Maintain Fitness,Vegetarian,High,3293,22.74,Normal
26,190,87,Female,Maintain Fitness,Vegetarian,Moderate,1176,24.1,Normal
27,167,52,Female,Muscle Gain,Vegetarian,Low,2658,18.65,Normal
24,169,71,Male,Maintain Fitness,Vegetarian,High,2122,24.86,Normal
20,161,74,Male,Maintain Fitness,Vegetarian,High,1094,28.55,Overweight
26,182,77,Female,Muscle Gain,Non-Vegetarian,Low,3208,23.25,Normal
25,179,77,Female,Weight Loss,Vegetarian,Moderate,3917,24.03,Normal
24,174,72,Male,Maintain Fitness,Vegetarian,Moderate,4542,23.78,Normal
30,171,49,Male,Weight Loss,Non-Vegetarian,High,2402,16.76,Underweight
25,167,68,Male,Muscle Gain,Non-Vegetarian,Low,3566,24.38,Normal
27,169,87,Male,Weight Loss,Non-Vegetarian,High,2115,30.46,Obese
22,190,72,Male,Maintain Fitness,Vegetarian,High,4458,19.94,Normal
22,166,62,Male,Maintain Fitness,Vegetarian,High,2100,22.5,Normal
29,169,83,Male,Weight Loss,Non-Vegetarian,Moderate,2218,29.06,Overweight
25,182,87,Male,Muscle Gain,Vegetarian,Low,4395,26.26,Overweight
18,151,46,Female,Weight Loss,Non-Vegetarian,High,1288,20.17,Normal
21,173,73,Male,Weight Loss,Vegetarian,Low,3663,24.39,Normal
28,173,94,Male,Maintain Fitness,Vegetarian,High,3905,31.41,Obese
28,161,69,Male,Weight Loss,Vegetarian,High,3903,26.62,Overweight
25,190,55,Male,Muscle Gain,Vegetarian,High,1233,15.24,Underweight
20,159,56,Male,Muscle Gain,Vegetarian,High,3074,22.15,Normal
23,188,73,Female,Weight Loss,Non-Vegetarian,Low,4299,20.65,Normal
29,178,93,Female,Maintain Fitness,Non-Vegetarian,High,3473,29.35,Overweight
18,186,58,Male,Maintain Fitness,Vegetarian,Moderate,4548,16.76,Underweight
18,152,55,Male,Muscle Gain,Non-Vegetarian,Low,4827,23.81,Normal
30,182,50,Male,Muscle Gain,Non-Vegetarian,High,3120,15.09,Underweight
28,178,85,Female,Muscle Gain,Vegetarian,Low,1607,26.83,Overweight
25,163,50,Female,Weight Loss,Vegetarian,Moderate,4409,18.82,Normal
27,162,90,Male,Weight Loss,Vegetarian,Moderate,1223,34.29,Obese
30,181,78,Male,Muscle Gain,Non-Vegetarian,High,3737,23.81,Normal
21,188,88,Female,Maintain Fitness,Non-Vegetarian,High,4245,24.9,Normal
30,157,54,Female,Weight Loss,Vegetarian,High,1062,21.91,Normal
30,151,49,Male,Muscle Gain,Non-Vegetarian,Low,1627,21.49,Normal
23,185,95,Male,Maintain Fitness,Vegetarian,Moderate,3009,27.76,Overweight
23,178,93,Male,Muscle Gain,Non-Vegetarian,High,2354,29.35,Overweight
20,158,64,Male,Maintain Fitness,Vegetarian,High,1467,25.64,Overweight
29,153,62,Male,Muscle Gain,Non-Vegetarian,Moderate,4436,26.49,Overweight
21,160,50,Female,Muscle Gain,Non-Vegetarian,Low,2345,19.53,Normal
30,168,79,Male,Weight Loss,Non-Vegetarian,High,3958,27.99,Overweight
18,187,56,Male,Muscle Gain,Vegetarian,Moderate,4074,16.01,Underweight
21,171,85,Male,Maintain Fitness,Vegetarian,Moderate,1824,29.07,Overweight
27,169,63,Female,Weight Loss,Vegetarian,High,4601,22.06,Normal
25,155,47,Male,Muscle Gain,Vegetarian,High,3519,19.56,Normal
21,154,73,Male,Muscle Gain,Vegetarian,High,2276,30.78,Obese
30,156,93,Male,Maintain Fitness,Vegetarian,Moderate,4047,38.21,Obese
25,181,55,Male,Maintain Fitness,Non-Vegetarian,Low,4956,16.79,Underweight
20,150,82,Male,Maintain Fitness,Non-Vegetarian,Low,4283,36.44,Obese
28,172,85,Female,Muscle Gain,Vegetarian,Moderate,4288,28.73,Overweight
22,154,75,Female,Maintain Fitness,Vegetarian,High,2955,31.62,Obese
29,172,73,Female,Maintain Fitness,Vegetarian,High,2103,24.68,Normal
24,168,82,Female,Muscle Gain,Non-Vegetarian,Low,4361,29.05,Overweight
25,151,51,Female,Muscle Gain,Non-Vegetarian,High,3652,22.37,Normal
27,173,95,Female,Muscle Gain,Non-Vegetarian,Low,2633,31.74,Obese
22,152,61,Male,Muscle Gain,Vegetarian,Moderate,4619,26.4,Overweight
24,172,92,Female,Weight Loss,Vegetarian,Low,2150,31.1,Obese
26,156,86,Female,Maintain Fitness,Vegetarian,High,1358,35.34,Obese
30,176,49,Male,Weight Loss,Non-Vegetarian,Low,3245,15.82,Underweight
29,156,89,Male,Muscle Gain,Vegetarian,Low,1197,36.57,Obese
27,159,64,Female,Weight Loss,Non-Vegetarian,Moderate,2560,25.32,Overweight
19,160,53,Female,Muscle Gain,Non-Vegetarian,Moderate,4152,20.7,Normal
18,150,84,Female,Weight Loss,Vegetarian,High,4062,37.33,Obese
27,175,91,Male,Muscle Gain,Non-Vegetarian,Moderate,4541,29.71,Overweight
26,174,58,Male,Weight Loss,Non-Vegetarian,High,1555,19.16,Normal
20,161,74,Female,Maintain Fitness,Vegetarian,High,3222,28.55,Overweight
20,170,55,Male,Maintain Fitness,Vegetarian,Moderate,4210,19.03,Normal
25,156,45,Male,Muscle Gain,Vegetarian,Moderate,3946,18.49,Underweight
19,153,50,Male,Weight Loss,Non-Vegetarian,Low,2630,21.36,Normal
30,173,93,Female,Weight Loss,Vegetarian,Moderate,4642,31.07,Obese
18,183,92,Female,Muscle Gain,Non-Vegetarian,Low,2832,27.47,Overweight
18,178,57,Male,Muscle Gain,Non-Vegetarian,High,4146,17.99,Underweight
27,165,50,Female,Muscle Gain,Non-Vegetarian,Low,2294,18.37,Underweight
28,182,45,Male,Maintain Fitness,Non-Vegetarian,Low,2362,13.59,Underweight
23,159,78,Female,Muscle Gain,Non-Vegetarian,Moderate,3950,30.85,Obese
22,156,50,Female,Muscle Gain,Vegetarian,High,3786,20.55,Normal
21,173,51,Female,Muscle Gain,Vegetarian,Low,1986,17.04,Underweight
21,158,77,Female,Weight Loss,Vegetarian,Moderate,4526,30.84,Obese
22,179,86,Female,Weight Loss,Vegetarian,Moderate,4218,26.84,Overweight
21,164,51,Male,Weight Loss,Vegetarian,High,2725,18.96,Normal
22,187,83,Male,Maintain Fitness,Non-Vegetarian,High,1187,23.74,Normal
24,162,77,Male,Maintain Fitness,Non-Vegetarian,Low,3403,29.34,Overweight
27,186,50,Male,Maintain Fitness,Vegetarian,Moderate,2488,14.45,Underweight
29,188,84,Female,Weight Loss,Vegetarian,Moderate,3502,23.77,Normal
20,164,59,Male,Muscle Gain,Non-Vegetarian,Low,2998,21.94,Normal
30,156,90,Female,Muscle Gain,Non-Vegetarian,High,1134,36.98,Obese
23,157,58,Male,Maintain Fitness,Vegetarian,Low,1485,23.53,Normal
22,151,92,Male,Weight Loss,Vegetarian,Low,2024,40.35,Obese
22,150,71,Male,Weight Loss,Vegetarian,Low,3590,31.56,Obese
22,190,54,Male,Weight Loss,Vegetarian,High,1157,14.96,Underweight
29,168,78,Female,Muscle Gain,Vegetarian,Moderate,4003,27.64,Overweight
22,183,71,Female,Muscle Gain,Vegetarian,Low,2185,21.2,Normal
21,183,90,Male,Maintain Fitness,Non-Vegetarian,High,1365,26.87,Overweight
26,177,72,Female,Maintain Fitness,Non-Vegetarian,Low,4991,22.98,Normal
28,157,61,Female,Weight Loss,Vegetarian,Low,4201,24.75,Normal
22,166,60,Male,Muscle Gain,Vegetarian,High,3447,21.77,Normal
25,173,56,Male,Weight Loss,Vegetarian,High,1820,18.71,Normal
22,187,91,Female,Muscle Gain,Non-Vegetarian,High,3617,26.02,Overweight
23,183,59,Female,Weight Loss,Non-Vegetarian,Low,3283,17.62,Underweight
23,159,55,Female,Muscle Gain,Vegetarian,High,1492,21.76,Normal
20,190,65,Male,Maintain Fitness,Non-Vegetarian,Moderate,2543,18.01,Underweight
29,174,73,Female,Maintain Fitness,Non-Vegetarian,Low,4323,24.11,Normal
29,174,72,Female,Muscle Gain,Non-Vegetarian,High,2451,23.78,Normal
24,185,45,Male,Maintain Fitness,Non-Vegetarian,High,4267,13.15,Underweight
18,175,57,Male,Weight Loss,Vegetarian,Low,2655,18.61,Normal
21,187,59,Male,Maintain Fitness,Vegetarian,Low,2248,16.87,Underweight
19,176,51,Male,Maintain Fitness,Non-Vegetarian,High,2131,16.46,Underweight
30,161,94,Male,Muscle Gain,Non-Vegetarian,Moderate,2635,36.26,Obese
26,187,56,Female,Weight Loss,Vegetarian,Moderate,3768,16.01,Underweight
19,178,76,Female,Maintain Fitness,Non-Vegetarian,Low,2200,23.99,Normal
30,155,69,Male,Muscle Gain,Vegetarian,High,4483,28.72,Overweight
20,161,61,Female,Muscle Gain,Non-Vegetarian,Low,4216,23.53,Normal
28,163,89,Male,Weight Loss,Vegetarian,Moderate,3833,33.5,Obese
20,151,75,Male,Muscle Gain,Non-Vegetarian,Moderate,1589,32.89,Obese
26,158,50,Female,Weight Loss,Vegetarian,Moderate,3735,20.03,Normal
25,183,67,Female,Weight Loss,Vegetarian,High,4032,20.01,Normal
30,170,67,Female,Maintain Fitness,Vegetarian,Low,2928,23.18,Normal
26,168,78,Male,Weight Loss,Vegetarian,Low,2139,27.64,Overweight
19,168,77,Female,Maintain Fitness,Non-Vegetarian,Low,4879,27.28,Overweight
18,184,93,Female,Weight Loss,Vegetarian,Low,2617,27.47,Overweight
22,170,65,Female,Muscle Gain,Vegetarian,Moderate,3062,22.49,Normal
23,171,76,Male,Maintain Fitness,Vegetarian,Low,3383,25.99,Overweight
18,185,51,Female,Maintain Fitness,Vegetarian,High,3443,14.9,Underweight
22,166,59,Female,Maintain Fitness,Vegetarian,Moderate,2091,21.41,Normal
26,179,47,Male,Maintain Fitness,Non-Vegetarian,High,3676,14.67,Underweight
18,190,60,Male,Weight Loss,Non-Vegetarian,High,3818,16.62,Underweight
23,172,79,Female,Maintain Fitness,Non-Vegetarian,Low,1942,26.7,Overweight
26,151,78,Male,Maintain Fitness,Vegetarian,Moderate,4262,34.21,Obese
26,177,62,Female,Muscle Gain,Non-Vegetarian,Moderate,3099,19.79,Normal
21,177,45,Female,Weight Loss,Vegetarian,Low,2654,14.36,Underweight
25,151,47,Female,Weight Loss,Vegetarian,High,4550,20.61,Normal
24,185,81,Male,Muscle Gain,Vegetarian,Low,4477,23.67,Normal
30,177,53,Female,Maintain Fitness,Non-Vegetarian,High,3830,16.92,Underweight
23,161,89,Male,Weight Loss,Vegetarian,Low,3488,34.34,Obese
27,186,58,Female,Weight Loss,Non-Vegetarian,Low,4236,16.76,Underweight
26,189,87,Female,Maintain Fitness,Non-Vegetarian,Moderate,3404,24.36,Normal
24,173,61,Female,Weight Loss,Vegetarian,High,2385,20.38,Normal
23,152,63,Male,Muscle Gain,Vegetarian,Low,3960,27.27,Overweight
22,161,48,Female,Muscle Gain,Non-Vegetarian,High,4473,18.52,Normal
28,184,45,Male,Weight Loss,Vegetarian,High,4956,13.29,Underweight
21,152,80,Male,Muscle Gain,Non-Vegetarian,High,3555,34.63,Obese
28,159,78,Male,Weight Loss,Vegetarian,Low,4008,30.85,Obese
19,168,73,Male,Muscle Gain,Non-Vegetarian,Low,4397,25.86,Overweight
23,182,60,Female,Weight Loss,Non-Vegetarian,Moderate,1981,18.11,Underweight
29,175,78,Female,Maintain Fitness,Vegetarian,Moderate,4241,25.47,Overweight
29,154,54,Female,Maintain Fitness,Vegetarian,Low,3663,22.77,Normal
18,151,57,Female,Weight Loss,Vegetarian,Moderate,1653,25.0,Overweight
24,150,62,Female,Muscle Gain,Vegetarian,Moderate,4107,27.56,Overweight
29,177,67,Female,Weight Loss,Vegetarian,High,2966,21.39,Normal
18,182,91,Male,Weight Loss,Vegetarian,Low,4364,27.47,Overweight
26,189,94,Female,Weight Loss,Non-Vegetarian,High,1179,26.32,Overweight
27,173,65,Male,Muscle Gain,Non-Vegetarian,Moderate,4625,21.72,Normal
27,165,69,Male,Maintain Fitness,Non-Vegetarian,Moderate,4848,25.34,Overweight
23,162,58,Female,Maintain Fitness,Non-Vegetarian,High,3358,22.1,Normal
30,177,63,Male,Weight Loss,Non-Vegetarian,Moderate,4088,20.11,Normal
30,186,57,Female,Muscle Gain,Non-Vegetarian,High,2167,16.48,Underweight
19,187,62,Male,Maintain Fitness,Vegetarian,Moderate,4831,17.73,Underweight
28,185,80,Female,Muscle Gain,Vegetarian,Low,4001,23.37,Normal
18,184,53,Female,Maintain Fitness,Vegetarian,Moderate,1806,15.65,Underweight
26,183,81,Male,Muscle Gain,Vegetarian,High,2515,24.19,Normal
18,172,80,Female,Muscle Gain,Vegetarian,Low,3740,27.04,Overweight
26,168,45,Female,Muscle Gain,Vegetarian,High,4447,15.94,Underweight
25,184,65,Female,Muscle Gain,Vegetarian,High,4119,19.2,Normal
30,153,95,Male,Muscle Gain,Non-Vegetarian,Low,4470,40.58,Obese
22,184,85,Male,Maintain Fitness,Vegetarian,Moderate,4374,25.11,Overweight
20,165,48,Female,Weight Loss,Vegetarian,Moderate,4569,17.63,Underweight
23,160,89,Female,Muscle Gain,Vegetarian,Moderate,4309,34.77,Obese
25,175,73,Female,Muscle Gain,Vegetarian,Low,4311,23.84,Normal
25,162,93,Female,Maintain Fitness,Vegetarian,Moderate,1611,35.44,Obese
19,182,80,Female,Weight Loss,Non-Vegetarian,Moderate,1186,24.15,Normal
27,150,80,Male,Weight Loss,Vegetarian,Moderate,3579,35.56,Obese
28,152,55,Male,Maintain Fitness,Vegetarian,Moderate,2173,23.81,Normal
20,180,88,Male,Maintain Fitness,Non-Vegetarian,Moderate,3092,27.16,Overweight
22,155,78,Female,Weight Loss,Vegetarian,Low,2951,32.47,Obese
27,178,86,Male,Muscle Gain,Vegetarian,High,4701,27.14,Overweight
21,165,64,Male,Muscle Gain,Vegetarian,High,2671,23.51,Normal
25,161,53,Male,Muscle Gain,Vegetarian,Moderate,3948,20.45,Normal
20,188,58,Female,Muscle Gain,Non-Vegetarian,High,2377,16.41,Underweight
19,189,51,Male,Muscle Gain,Non-Vegetarian,Moderate,1066,14.28,Underweight
27,158,62,Female,Weight Loss,Non-Vegetarian,High,3972,24.84,Normal
24,154,83,Male,Muscle Gain,Vegetarian,Low,4716,35.0,Obese
27,163,76,Female,Weight Loss,Vegetarian,Low,4510,28.6,Overweight
23,154,89,Male,Weight Loss,Non-Vegetarian,Low,1873,37.53,Obese
24,173,86,Female,Muscle Gain,Non-Vegetarian,Low,2132,28.73,Overweight
25,156,49,Female,Maintain Fitness,Non-Vegetarian,Low,3708,20.13,Normal
21,150,89,Female,Muscle Gain,Vegetarian,Low,1174,39.56,Obese
21,188,75,Male,Muscle Gain,Vegetarian,High,3827,21.22,Normal
21,190,75,Male,Muscle Gain,Non-Vegetarian,Low,3402,20.78,Normal
29,185,85,Female,Muscle Gain,Vegetarian,High,2597,24.84,Normal
19,150,53,Male,Maintain Fitness,Non-Vegetarian,Low,1259,23.56,Normal
24,150,87,Male,Muscle Gain,Non-Vegetarian,Low,2085,38.67,Obese
24,182,92,Female,Muscle Gain,Non-Vegetarian,Moderate,3255,27.77,Overweight
22,163,49,Female,Weight Loss,Non-Vegetarian,High,1342,18.44,Underweight
30,184,70,Male,Maintain Fitness,Non-Vegetarian,High,4796,20.68,Normal
21,164,58,Male,Muscle Gain,Vegetarian,Low,3106,21.56,Normal
29,179,52,Male,Weight Loss,Non-Vegetarian,Low,1602,16.23,Underweight
21,179,92,Female,Muscle Gain,Vegetarian,Moderate,2189,28.71,Overweight
20,187,63,Female,Weight Loss,Vegetarian,Moderate,3676,18.02,Underweight
29,169,83,Male,Maintain Fitness,Non-Vegetarian,Moderate,2669,29.06,Overweight
25,157,86,Male,Muscle Gain,Vegetarian,High,3468,34.89,Obese
27,180,95,Female,Weight Loss,Vegetarian,Low,2580,29.32,Overweight
20,182,56,Male,Maintain Fitness,Vegetarian,Moderate,3556,16.91,Underweight
25,184,57,Male,Maintain Fitness,Vegetarian,Moderate,1739,16.84,Underweight
25,157,78,Female,Weight Loss,Non-Vegetarian,High,2895,31.64,Obese
29,163,78,Female,Muscle Gain,Non-Vegetarian,High,4041,29.36,Overweight
26,168,73,Male,Weight Loss,Vegetarian,High,1338,25.86,Overweight
22,168,88,Female,Maintain Fitness,Non-Vegetarian,High,4986,31.18,Obese
24,155,84,Male,Weight Loss,Non-Vegetarian,High,3014,34.96,Obese
28,152,61,Female,Muscle Gain,Vegetarian,Low,4295,26.4,Overweight
24,171,47,Male,Weight Loss,Non-Vegetarian,Moderate,1018,16.07,Underweight
19,158,83,Female,Weight Loss,Non-Vegetarian,Moderate,1828,33.25,Obese
29,152,92,Male,Weight Loss,Vegetarian,High,1065,39.82,Obese
25,157,45,Male,Weight Loss,Non-Vegetarian,Moderate,4155,18.26,Underweight
24,186,69,Male,Muscle Gain,Non-Vegetarian,Low,4520,19.94,Normal
29,187,92,Male,Muscle Gain,Vegetarian,Moderate,3113,26.31,Overweight
18,182,64,Female,Maintain Fitness,Vegetarian,High,4726,19.32,Normal
30,153,93,Female,Weight Loss,Non-Vegetarian,Low,3214,39.73,Obese
26,163,80,Male,Maintain Fitness,Non-Vegetarian,High,2589,30.11,Obese
29,169,57,Male,Maintain Fitness,Non-Vegetarian,Low,4332,19.96,Normal
24,154,57,Male,Weight Loss,Vegetarian,High,4804,24.03,Normal
26,153,89,Female,Muscle Gain,Vegetarian,Low,1854,38.02,Obese
24,188,91,Female,Weight Loss,Vegetarian,Moderate,4997,25.75,Overweight
24,175,59,Male,Muscle Gain,Non-Vegetarian,Moderate,1342,19.27,Normal
19,161,63,Female,Maintain Fitness,Non-Vegetarian,Moderate,2227,24.3,Normal
19,161,59,Male,Weight Loss,Vegetarian,Moderate,3637,22.76,Normal
19,155,65,Female,Maintain Fitness,Vegetarian,Moderate,2363,27.06,Overweight
20,176,83,Male,Maintain Fitness,Non-Vegetarian,Low,4051,26.79,Overweight
27,187,57,Male,Weight Loss,Non-Vegetarian,Moderate,4435,16.3,Underweight
22,157,82,Female,Maintain Fitness,Non-Vegetarian,Low,4096,33.27,Obese
30,173,84,Female,Muscle Gain,Vegetarian,Moderate,4540,28.07,Overweight
23,165,90,Male,Maintain Fitness,Non-Vegetarian,Moderate,4856,33.06,Obese
26,158,64,Female,Weight Loss,Non-Vegetarian,Low,4216,25.64,Overweight
18,163,73,Male,Weight Loss,Non-Vegetarian,Moderate,4650,27.48,Overweight
27,157,45,Female,Weight Loss,Vegetarian,Low,1912,18.26,Underweight
18,180,84,Female,Maintain Fitness,Vegetarian,Low,2338,25.93,Overweight
24,179,63,Female,Muscle Gain,Vegetarian,High,2712,19.66,Normal
29,189,78,Female,Muscle Gain,Vegetarian,Low,2420,21.84,Normal
18,169,95,Male,Weight Loss,Non-Vegetarian,High,2056,33.26,Obese
25,155,69,Male,Maintain Fitness,Vegetarian,Moderate,3005,28.72,Overweight
21,157,61,Male,Maintain Fitness,Vegetarian,Low,1707,24.75,Normal
18,166,57,Female,Maintain Fitness,Vegetarian,Moderate,1964,20.69,Normal
19,152,87,Male,Muscle Gain,Vegetarian,Moderate,4344,37.66,Obese
26,175,74,Female,Muscle Gain,Non-Vegetarian,High,2756,24.16,Normal
26,189,83,Male,Weight Loss,Non-Vegetarian,Moderate,2468,23.24,Normal
21,173,82,Female,Maintain Fitness,Vegetarian,Moderate,4479,27.4,Overweight
30,186,80,Male,Muscle Gain,Vegetarian,Low,2879,23.12,Normal
22,154,87,Male,Muscle Gain,Vegetarian,High,3960,36.68,Obese
18,186,63,Female,Maintain Fitness,Non-Vegetarian,Low,3391,18.21,Underweight
24,174,61,Female,Maintain Fitness,Non-Vegetarian,Low,4499,20.15,Normal
27,185,60,Male,Muscle Gain,Non-Vegetarian,Low,1294,17.53,Underweight
23,155,63,Male,Weight Loss,Vegetarian,Low,2108,26.22,Overweight
28,169,86,Male,Maintain Fitness,Non-Vegetarian,Low,2730,30.11,Obese
24,165,62,Female,Weight Loss,Vegetarian,Moderate,1483,22.77,Normal
25,163,87,Male,Weight Loss,Vegetarian,High,3570,32.74,Obese
20,161,74,Male,Muscle Gain,Vegetarian,High,3138,28.55,Overweight
23,176,80,Female,Weight Loss,Vegetarian,High,4852,25.83,Overweight
27,186,51,Male,Maintain Fitness,Non-Vegetarian,Low,1172,14.74,Underweight
29,182,78,Male,Maintain Fitness,Non-Vegetarian,Moderate,2437,23.55,Normal
29,187,57,Female,Muscle Gain,Non-Vegetarian,Low,1192,16.3,Underweight
30,160,92,Male,Maintain Fitness,Non-Vegetarian,Moderate,1752,35.94,Obese
19,170,60,Male,Maintain Fitness,Non-Vegetarian,High,3250,20.76,Normal
26,185,95,Male,Weight Loss,Vegetarian,Moderate,4141,27.76,Overweight
27,156,73,Male,Maintain Fitness,Vegetarian,Moderate,1866,30.0,Obese
29,150,66,Female,Muscle Gain,Non-Vegetarian,Low,1151,29.33,Overweight
27,175,58,Female,Muscle Gain,Non-Vegetarian,Low,4856,18.94,Normal
30,185,57,Male,Weight Loss,Non-Vegetarian,Low,3691,16.65,Underweight
30,172,73,Female,Weight Loss,Non-Vegetarian,Moderate,2948,24.68,Normal
29,164,62,Male,Weight Loss,Vegetarian,Low,4785,23.05,Normal
22,154,85,Male,Weight Loss,Non-Vegetarian,Moderate,4787,35.84,Obese
20,183,45,Male,Maintain Fitness,Non-Vegetarian,Moderate,2089,13.44,Underweight
25,171,57,Female,Maintain Fitness,Vegetarian,Moderate,2040,19.49,Normal
20,150,78,Female,Maintain Fitness,Vegetarian,Low,4202,34.67,Obese
22,167,59,Female,Maintain Fitness,Vegetarian,High,4253,21.16,Normal
18,152,95,Female,Muscle Gain,Vegetarian,Low,3451,41.12,Obese
26,187,50,Female,Muscle Gain,Vegetarian,High,2292,14.3,Underweight
25,185,73,Female,Muscle Gain,Vegetarian,Low,4357,21.33,Normal
27,165,82,Female,Maintain Fitness,Vegetarian,Low,2664,30.12,Obese
25,150,46,Female,Muscle Gain,Non-Vegetarian,Moderate,2184,20.44,Normal
24,184,87,Female,Maintain Fitness,Vegetarian,Low,2623,25.7,Overweight
25,166,65,Female,Maintain Fitness,Vegetarian,Moderate,3642,23.59,Normal
22,167,49,Male,Weight Loss,Vegetarian,Low,4204,17.57,Underweight
23,158,65,Female,Maintain Fitness,Non-Vegetarian,Low,3461,26.04,Overweight
23,156,69,Male,Maintain Fitness,Non-Vegetarian,Moderate,3767,28.35,Overweight
27,151,70,Male,Maintain Fitness,Non-Vegetarian,Low,4992,30.7,Obese
24,176,89,Male,Maintain Fitness,Vegetarian,High,2259,28.73,Overweight
23,157,59,Female,Maintain Fitness,Vegetarian,Low,1188,23.94,Normal
27,157,58,Female,Weight Loss,Vegetarian,Low,3919,23.53,Normal
30,166,49,Female,Maintain Fitness,Vegetarian,Moderate,3232,17.78,Underweight
22,169,79,Male,Weight Loss,Non-Vegetarian,Low,4236,27.66,Overweight
26,190,73,Female,Muscle Gain,Vegetarian,Low,1768,20.22,Normal
25,175,95,Male,Weight Loss,Non-Vegetarian,Moderate,3328,31.02,Obese
18,155,89,Male,Muscle Gain,Non-Vegetarian,High,3747,37.04,Obese
27,172,46,Female,Muscle Gain,Vegetarian,Low,1207,15.55,Underweight
19,164,86,Female,Weight Loss,Non-Vegetarian,High,2913,31.98,Obese
27,181,75,Female,Muscle Gain,Non-Vegetarian,Low,4069,22.89,Normal
27,155,52,Male,Weight Loss,Vegetarian,High,4615,21.64,Normal
27,178,61,Male,Muscle Gain,Non-Vegetarian,Low,1855,19.25,Normal
22,163,64,Male,Weight Loss,Non-Vegetarian,Low,4017,24.09,Normal
26,165,89,Male,Weight Loss,Non-Vegetarian,Low,3726,32.69,Obese
18,174,74,Female,Maintain Fitness,Non-Vegetarian,Low,2634,24.44,Normal
30,157,61,Female,Weight Loss,Non-Vegetarian,Moderate,4772,24.75,Normal
25,180,87,Male,Weight Loss,Vegetarian,Moderate,1201,26.85,Overweight
25,160,79,Female,Maintain Fitness,Vegetarian,Low,1986,30.86,Obese
28,155,95,Female,Maintain Fitness,Non-Vegetarian,High,4342,39.54,Obese
18,165,59,Female,Muscle Gain,Vegetarian,Moderate,3441,21.67,Normal
22,171,57,Male,Muscle Gain,Non-Vegetarian,High,4744,19.49,Normal
27,153,71,Male,Muscle Gain,Vegetarian,Low,2391,30.33,Obese
24,187,89,Female,Muscle Gain,Vegetarian,Low,1554,25.45,Overweight
24,185,50,Male,Muscle Gain,Vegetarian,Moderate,1995,14.61,Underweight
23,188,78,Female,Muscle Gain,Vegetarian,Moderate,3530,22.07,Normal
27,173,72,Male,Maintain Fitness,Vegetarian,Low,4242,24.06,Normal
26,189,91,Female,Maintain Fitness,Non-Vegetarian,High,3092,25.48,Overweight
22,178,46,Female,Weight Loss,Vegetarian,Moderate,4078,14.52,Underweight
29,174,93,Male,Weight Loss,Vegetarian,High,4191,30.72,Obese
19,166,55,Male,Muscle Gain,Vegetarian,Moderate,4233,19.96,Normal
27,158,82,Female,Muscle Gain,Non-Vegetarian,Low,2666,32.85,Obese
21,164,86,Female,Weight Loss,Vegetarian,Moderate,4467,31.98,Obese
27,163,63,Female,Muscle Gain,Non-Vegetarian,Moderate,2505,23.71,Normal
25,153,85,Male,Muscle Gain,Vegetarian,High,4951,36.31,Obese
27,162,74,Male,Maintain Fitness,Vegetarian,Low,4527,28.2,Overweight
24,179,89,Female,Maintain Fitness,Vegetarian,High,3670,27.78,Overweight
25,188,48,Female,Weight Loss,Non-Vegetarian,High,2318,13.58,Underweight
28,182,58,Female,Weight Loss,Non-Vegetarian,Low,2841,17.51,Underweight
27,179,83,Male,Muscle Gain,Non-Vegetarian,Moderate,4486,25.9,Overweight
18,156,70,Female,Maintain Fitness,Vegetarian,High,3725,28.76,Overweight
26,156,55,Male,Maintain Fitness,Vegetarian,High,1361,22.6,Normal
20,163,84,Female,Muscle Gain,Vegetarian,Moderate,3953,31.62,Obese
27,176,52,Female,Weight Loss,Non-Vegetarian,High,3092,16.79,Underweight
19,153,45,Male,Weight Loss,Vegetarian,Low,1489,19.22,Normal
22,151,69,Male,Muscle Gain,Non-Vegetarian,Moderate,3484,30.26,Obese
23,159,62,Male,Weight Loss,Non-Vegetarian,Low,4283,24.52,Normal
23,153,90,Female,Weight Loss,Vegetarian,High,4716,38.45,Obese
20,154,73,Female,Maintain Fitness,Non-Vegetarian,High,1530,30.78,Obese
21,163,65,Male,Muscle Gain,Non-Vegetarian,Low,4694,24.46,Normal
25,159,88,Male,Weight Loss,Vegetarian,High,3182,34.81,Obese
30,167,83,Female,Maintain Fitness,Non-Vegetarian,Low,2554,29.76,Overweight
23,172,51,Male,Muscle Gain,Vegetarian,Moderate,4800,17.24,Underweight
29,188,55,Male,Maintain Fitness,Non-Vegetarian,Moderate,2848,15.56,Underweight
25,180,92,Male,Maintain Fitness,Vegetarian,Moderate,3254,28.4,Overweight
28,183,51,Female,Maintain Fitness,Vegetarian,High,3992,15.23,Underweight
19,153,76,Male,Muscle Gain,Non-Vegetarian,Moderate,4238,32.47,Obese
26,177,84,Male,Muscle Gain,Vegetarian,Low,2698,26.81,Overweight
21,186,82,Female,Muscle Gain,Vegetarian,Low,2831,23.7,Normal
21,154,87,Female,Weight Loss,Non-Vegetarian,Moderate,4799,36.68,Obese
20,179,83,Male,Maintain Fitness,Non-Vegetarian,Moderate,1778,25.9,Overweight
19,171,54,Male,Weight Loss,Non-Vegetarian,Low,3179,18.47,Underweight
25,167,78,Male,Weight Loss,Non-Vegetarian,Moderate,1189,27.97,Overweight
18,181,53,Male,Maintain Fitness,Vegetarian,Moderate,3387,16.18,Underweight
22,163,91,Female,Muscle Gain,Vegetarian,High,3560,34.25,Obese
22,182,63,Female,Muscle Gain,Non-Vegetarian,Moderate,4636,19.02,Normal
18,158,45,Female,Weight Loss,Non-Vegetarian,Low,3683,18.03,Underweight
20,180,54,Male,Maintain Fitness,Non-Vegetarian,High,3420,16.67,Underweight
25,164,65,Female,Maintain Fitness,Non-Vegetarian,Low,4177,24.17,Normal
21,169,74,Male,Muscle Gain,Non-Vegetarian,Low,1223,25.91,Overweight
22,163,72,Male,Weight Loss,Vegetarian,Low,1182,27.1,Overweight
19,183,91,Male,Maintain Fitness,Non-Vegetarian,Low,4175,27.17,Overweight
18,186,64,Female,Maintain Fitness,Non-Vegetarian,Moderate,3386,18.5,Normal
23,152,89,Female,Weight Loss,Vegetarian,Low,3845,38.52,Obese
24,171,45,Male,Muscle Gain,Vegetarian,High,4115,15.39,Underweight
21,165,69,Female,Maintain Fitness,Non-Vegetarian,Low,3724,25.34,Overweight
19,167,72,Male,Maintain Fitness,Non-Vegetarian,High,1594,25.82,Overweight
24,188,80,Male,Weight Loss,Vegetarian,High,4522,22.63,Normal
28,161,73,Female,Muscle Gain,Non-Vegetarian,High,2890,28.16,Overweight
22,164,79,Female,Weight Loss,Vegetarian,High,4781,29.37,Overweight
25,184,84,Female,Muscle Gain,Non-Vegetarian,Low,2352,24.81,Normal
30,172,51,Male,Maintain Fitness,Vegetarian,Low,3647,17.24,Underweight
18,185,80,Male,Maintain Fitness,Non-Vegetarian,High,3079,23.37,Normal
27,179,46,Female,Muscle Gain,Non-Vegetarian,High,4313,14.36,Underweight
28,190,50,Male,Muscle Gain,Vegetarian,Moderate,3550,13.85,Underweight
29,190,78,Female,Muscle Gain,Non-Vegetarian,Moderate,4194,21.61,Normal
26,177,69,Male,Maintain Fitness,Vegetarian,High,4117,22.02,Normal
19,173,46,Female,Muscle Gain,Vegetarian,Low,2304,15.37,Underweight
25,181,54,Male,Muscle Gain,Vegetarian,High,2053,16.48,Underweight
26,159,76,Female,Weight Loss,Non-Vegetarian,Moderate,3289,30.06,Obese
28,179,80,Female,Muscle Gain,Vegetarian,Moderate,1943,24.97,Normal
26,166,55,Male,Weight Loss,Non-Vegetarian,Low,2741,19.96,Normal
28,168,86,Female,Muscle Gain,Non-Vegetarian,Low,2413,30.47,Obese
29,158,76,Male,Muscle Gain,Non-Vegetarian,Moderate,4043,30.44,Obese
22,162,75,Female,Muscle Gain,Non-Vegetarian,High,2418,28.58,Overweight
29,188,53,Male,Maintain Fitness,Non-Vegetarian,Low,1526,15.0,Underweight
24,175,87,Male,Maintain Fitness,Vegetarian,Moderate,4782,28.41,Overweight
23,158,91,Male,Muscle Gain,Non-Vegetarian,Moderate,1004,36.45,Obese
26,157,78,Male,Maintain Fitness,Non-Vegetarian,High,1157,31.64,Obese
22,178,90,Male,Maintain Fitness,Non-Vegetarian,Low,1495,28.41,Overweight
18,180,83,Female,Weight Loss,Vegetarian,High,4453,25.62,Overweight
26,170,53,Male,Muscle Gain,Non-Vegetarian,Low,3826,18.34,Underweight
26,180,60,Male,Muscle Gain,Vegetarian,Moderate,3510,18.52,Normal
23,167,70,Male,Maintain Fitness,Non-Vegetarian,High,1517,25.1,Overweight
20,185,48,Male,Muscle Gain,Vegetarian,High,4669,14.02,Underweight
26,155,54,Male,Weight Loss,Non-Vegetarian,Low,1858,22.48,Normal
27,158,80,Male,Muscle Gain,Vegetarian,Low,3441,32.05,Obese
25,173,83,Male,Muscle Gain,Vegetarian,Moderate,2269,27.73,Overweight
28,160,84,Female,Maintain Fitness,Non-Vegetarian,Moderate,1382,32.81,Obese
19,170,67,Female,Weight Loss,Non-Vegetarian,Low,4824,23.18,Normal
21,160,50,Male,Muscle Gain,Non-Vegetarian,Moderate,3276,19.53,Normal
29,165,52,Male,Maintain Fitness,Non-Vegetarian,High,1706,19.1,Normal
29,167,73,Male,Muscle Gain,Vegetarian,High,2279,26.18,Overweight
26,163,75,Female,Weight Loss,Vegetarian,High,1481,28.23,Overweight
19,187,72,Female,Maintain Fitness,Non-Vegetarian,Moderate,2383,20.59,Normal
28,186,73,Female,Muscle Gain,Non-Vegetarian,Moderate,4720,21.1,Normal
19,182,78,Female,Maintain Fitness,Non-Vegetarian,High,4718,23.55,Normal
30,187,49,Female,Weight Loss,Vegetarian,Low,3425,14.01,Underweight
28,179,60,Male,Muscle Gain,Vegetarian,Moderate,4956,18.73,Normal
29,182,50,Male,Muscle Gain,Vegetarian,Moderate,4546,15.09,Underweight
23,190,70,Male,Muscle Gain,Non-Vegetarian,Moderate,3792,19.39,Normal
27,180,79,Male,Muscle Gain,Vegetarian,High,3459,24.38,Normal
26,178,76,Male,Maintain Fitness,Vegetarian,Moderate,1414,23.99,Normal
28,176,60,Female,Maintain Fitness,Non-Vegetarian,High,4704,19.37,Normal
19,188,88,Female,Muscle Gain,Vegetarian,Low,4755,24.9,Normal
22,175,60,Male,Weight Loss,Non-Vegetarian,Low,2963,19.59,Normal
25,190,87,Female,Weight Loss,Non-Vegetarian,High,2789,24.1,Normal
21,158,88,Male,Weight Loss,Non-Vegetarian,High,1777,35.25,Obese
20,159,49,Female,Maintain Fitness,Non-Vegetarian,High,3864,19.38,Normal
30,188,52,Male,Muscle Gain,Vegetarian,Low,3903,14.71,Underweight
23,155,73,Female,Muscle Gain,Non-Vegetarian,Moderate,4461,30.39,Obese
26,169,69,Male,Weight Loss,Non-Vegetarian,Low,2163,24.16,Normal
27,174,78,Female,Maintain Fitness,Non-Vegetarian,High,1582,25.76,Overweight
21,171,61,Female,Weight Loss,Vegetarian,High,1417,20.86,Normal
27,153,65,Male,Muscle Gain,Non-Vegetarian,Moderate,2696,27.77,Overweight
29,158,77,Female,Weight Loss,Non-Vegetarian,Moderate,3433,30.84,Obese
19,153,82,Male,Maintain Fitness,Non-Vegetarian,Moderate,2099,35.03,Obese
21,153,80,Female,Muscle Gain,Non-Vegetarian,Moderate,2559,34.17,Obese
22,162,46,Male,Muscle Gain,Vegetarian,Moderate,3431,17.53,Underweight
18,165,68,Male,Maintain Fitness,Vegetarian,Low,1400,24.98,Normal
30,152,78,Male,Weight Loss,Non-Vegetarian,Moderate,3041,33.76,Obese
26,152,55,Male,Weight Loss,Vegetarian,High,1248,23.81,Normal
19,158,67,Female,Muscle Gain,Vegetarian,Low,1593,26.84,Overweight
20,183,52,Male,Weight Loss,Non-Vegetarian,High,2637,15.53,Underweight
23,171,86,Female,Maintain Fitness,Vegetarian,Moderate,4674,29.41,Overweight
20,179,82,Female,Muscle Gain,Non-Vegetarian,Moderate,4892,25.59,Overweight
20,163,51,Female,Muscle Gain,Vegetarian,Moderate,2684,19.2,Normal
28,154,55,Male,Muscle Gain,Non-Vegetarian,High,2108,23.19,Normal
28,151,85,Male,Muscle Gain,Vegetarian,Low,4459,37.28,Obese
30,170,79,Female,Maintain Fitness,Non-Vegetarian,Low,1543,27.34,Overweight
22,160,86,Female,Muscle Gain,Non-Vegetarian,High,1905,33.59,Obese
18,188,86,Female,Muscle Gain,Vegetarian,Moderate,2226,24.33,Normal
29,185,49,Male,Muscle Gain,Non-Vegetarian,High,1278,14.32,Underweight
21,177,80,Male,Maintain Fitness,Non-Vegetarian,Moderate,4041,25.54,Overweight
20,164,91,Female,Maintain Fitness,Vegetarian,High,2403,33.83,Obese
24,153,90,Male,Muscle Gain,Vegetarian,High,4896,38.45,Obese
24,168,59,Male,Muscle Gain,Non-Vegetarian,Moderate,3562,20.9,Normal
18,168,90,Female,Weight Loss,Non-Vegetarian,Moderate,2669,31.89,Obese
25,166,58,Female,Weight Loss,Non-Vegetarian,Moderate,3186,21.05,Normal
30,163,92,Male,Weight Loss,Non-Vegetarian,Moderate,4738,34.63,Obese
20,167,74,Female,Muscle Gain,Vegetarian,High,4766,26.53,Overweight
23,175,79,Male,Maintain Fitness,Non-Vegetarian,Low,4496,25.8,Overweight
30,186,60,Male,Weight Loss,Non-Vegetarian,High,3120,17.34,Underweight
18,174,50,Female,Muscle Gain,Vegetarian,Low,1126,16.51,Underweight
25,165,91,Female,Maintain Fitness,Vegetarian,High,4477,33.43,Obese
18,153,85,Male,Muscle Gain,Non-Vegetarian,Low,1644,36.31,Obese
20,164,81,Female,Maintain Fitness,Vegetarian,High,1276,30.12,Obese
29,158,74,Male,Maintain Fitness,Vegetarian,Low,4633,29.64,Overweight
27,153,83,Male,Weight Loss,Vegetarian,Low,1002,35.46,Obese
27,172,80,Male,Muscle Gain,Vegetarian,Moderate,3212,27.04,Overweight
18,158,73,Male,Maintain Fitness,Non-Vegetarian,Low,2508,29.24,Overweight
20,158,46,Male,Muscle Gain,Non-Vegetarian,Moderate,3081,18.43,Underweight
25,168,49,Male,Muscle Gain,Non-Vegetarian,Low,4292,17.36,Underweight
26,182,45,Male,Muscle Gain,Vegetarian,Low,3898,13.59,Underweight
28,177,68,Female,Weight Loss,Vegetarian,High,1487,21.71,Normal
26,180,59,Female,Weight Loss,Non-Vegetarian,High,4307,18.21,Underweight
20,152,49,Female,Muscle Gain,Non-Vegetarian,High,1664,21.21,Normal
26,163,84,Male,Weight Loss,Non-Vegetarian,Moderate,1752,31.62,Obese
30,172,45,Female,Weight Loss,Non-Vegetarian,High,1567,15.21,Underweight
18,159,62,Female,Maintain Fitness,Vegetarian,Moderate,4821,24.52,Normal
22,151,82,Male,Muscle Gain,Non-Vegetarian,Moderate,1025,35.96,Obese
21,189,54,Male,Muscle Gain,Non-Vegetarian,Low,3573,15.12,Underweight
29,154,89,Female,Muscle Gain,Vegetarian,Moderate,2430,37.53,Obese
27,189,78,Male,Muscle Gain,Vegetarian,High,3896,21.84,Normal
23,172,50,Female,Maintain Fitness,Vegetarian,Moderate,3964,16.9,Underweight
20,170,59,Female,Weight Loss,Non-Vegetarian,High,3757,20.42,Normal
22,156,52,Male,Maintain Fitness,Vegetarian,Low,1600,21.37,Normal
23,152,90,Female,Maintain Fitness,Vegetarian,Low,3235,38.95,Obese
24,175,46,Male,Weight Loss,Non-Vegetarian,Low,2722,15.02,Underweight
24,157,80,Female,Weight Loss,Non-Vegetarian,High,4545,32.46,Obese
18,169,73,Male,Maintain Fitness,Vegetarian,High,1731,25.56,Overweight
27,174,88,Female,Muscle Gain,Non-Vegetarian,Moderate,2323,29.07,Overweight
28,150,94,Female,Maintain Fitness,Non-Vegetarian,Moderate,1203,41.78,Obese
18,189,48,Male,Maintain Fitness,Vegetarian,Moderate,3825,13.44,Underweight
21,184,89,Female,Weight Loss,Vegetarian,Moderate,4318,26.29,Overweight
28,158,84,Male,Weight Loss,Non-Vegetarian,Moderate,2521,33.65,Obese
28,174,53,Female,Maintain Fitness,Vegetarian,High,4126,17.51,Underweight
23,156,61,Male,Muscle Gain,Vegetarian,High,1999,25.07,Overweight
25,187,55,Male,Weight Loss,Vegetarian,High,4874,15.73,Underweight
24,184,46,Male,Maintain Fitness,Non-Vegetarian,Low,3199,13.59,Underweight
21,170,91,Female,Weight Loss,Vegetarian,High,3976,31.49,Obese
20,174,66,Male,Muscle Gain,Non-Vegetarian,Moderate,2487,21.8,Normal
22,184,76,Female,Maintain Fitness,Non-Vegetarian,High,1063,22.45,Normal
26,155,94,Male,Muscle Gain,Vegetarian,High,2091,39.13,Obese
23,155,64,Male,Weight Loss,Vegetarian,Moderate,1762,26.64,Overweight
29,172,67,Female,Maintain Fitness,Vegetarian,High,1950,22.65,Normal
25,150,80,Female,Weight Loss,Vegetarian,Low,1155,35.56,Obese
19,168,63,Female,Weight Loss,Vegetarian,High,2505,22.32,Normal
25,174,76,Female,Maintain Fitness,Non-Vegetarian,Moderate,4906,25.1,Overweight
25,175,78,Male,Muscle Gain,Non-Vegetarian,Low,2464,25.47,Overweight
27,182,68,Male,Weight Loss,Vegetarian,High,4458,20.53,Normal
21,153,76,Female,Weight Loss,Non-Vegetarian,Moderate,1872,32.47,Obese
23,181,57,Female,Weight Loss,Vegetarian,Low,4316,17.4,Underweight
25,154,50,Female,Weight Loss,Non-Vegetarian,Moderate,1925,21.08,Normal
27,188,84,Female,Weight Loss,Non-Vegetarian,Low,3727,23.77,Normal
18,189,58,Male,Muscle Gain,Non-Vegetarian,High,1365,16.24,Underweight
19,161,66,Female,Maintain Fitness,Vegetarian,Low,4502,25.46,Overweight
23,161,63,Male,Weight Loss,Vegetarian,Low,1006,24.3,Normal
28,167,89,Male,Muscle Gain,Non-Vegetarian,Moderate,4243,31.91,Obese
27,159,72,Male,Weight Loss,Non-Vegetarian,High,4577,28.48,Overweight
20,166,92,Female,Muscle Gain,Vegetarian,High,1983,33.39,Obese
27,176,57,Female,Maintain Fitness,Non-Vegetarian,High,4030,18.4,Underweight
26,155,62,Male,Maintain Fitness,Vegetarian,Low,4304,25.81,Overweight
18,174,71,Female,Weight Loss,Vegetarian,Low,3900,23.45,Normal
20,170,51,Female,Maintain Fitness,Vegetarian,Low,2545,17.65,Underweight
21,178,89,Female,Weight Loss,Vegetarian,Moderate,4571,28.09,Overweight
20,165,94,Male,Weight Loss,Vegetarian,Low,3054,34.53,Obese
19,167,64,Female,Weight Loss,Non-Vegetarian,High,2754,22.95,Normal
20,153,88,Female,Muscle Gain,Non-Vegetarian,Moderate,3735,37.59,Obese
19,152,69,Male,Maintain Fitness,Non-Vegetarian,Moderate,4929,29.86,Overweight
30,163,52,Male,Weight Loss,Non-Vegetarian,High,1686,19.57,Normal
18,153,45,Female,Weight Loss,Non-Vegetarian,Moderate,4822,19.22,Normal
22,154,91,Female,Weight Loss,Vegetarian,Low,4532,38.37,Obese
25,176,89,Female,Weight Loss,Vegetarian,Moderate,3162,28.73,Overweight
29,181,76,Female,Maintain Fitness,Non-Vegetarian,Moderate,3292,23.2,Normal
22,173,81,Female,Maintain Fitness,Non-Vegetarian,Moderate,1123,27.06,Overweight
19,179,85,Male,Weight Loss,Non-Vegetarian,High,2107,26.53,Overweight
19,190,54,Male,Weight Loss,Vegetarian,Moderate,2249,14.96,Underweight
25,164,46,Male,Muscle Gain,Non-Vegetarian,High,4429,17.1,Underweight
28,172,73,Female,Muscle Gain,Vegetarian,High,4877,24.68,Normal
28,156,89,Female,Maintain Fitness,Vegetarian,Moderate,1346,36.57,Obese
28,156,58,Male,Maintain Fitness,Vegetarian,High,2399,23.83,Normal
22,161,82,Male,Maintain Fitness,Vegetarian,High,3424,31.63,Obese
29,190,81,Male,Maintain Fitness,Vegetarian,High,1550,22.44,Normal
23,179,48,Female,Muscle Gain,Vegetarian,Moderate,1348,14.98,Underweight
24,163,90,Female,Maintain Fitness,Non-Vegetarian,Low,4155,33.87,Obese
29,184,66,Female,Muscle Gain,Non-Vegetarian,High,4663,19.49,Normal
19,164,75,Male,Weight Loss,Non-Vegetarian,Low,4880,27.89,Overweight
18,174,65,Female,Maintain Fitness,Vegetarian,Moderate,1027,21.47,Normal
30,155,92,Female,Maintain Fitness,Vegetarian,Moderate,2750,38.29,Obese
21,174,72,Male,Muscle Gain,Non-Vegetarian,Low,1133,23.78,Normal
24,161,82,Male,Muscle Gain,Non-Vegetarian,Moderate,2557,31.63,Obese
18,188,91,Female,Muscle Gain,Non-Vegetarian,High,1642,25.75,Overweight
27,154,74,Male,Maintain Fitness,Vegetarian,Low,3216,31.2,Obese
26,181,53,Male,Maintain Fitness,Non-Vegetarian,Low,4471,16.18,Underweight
28,166,72,Female,Muscle Gain,Vegetarian,High,4507,26.13,Overweight
23,166,84,Female,Maintain Fitness,Non-Vegetarian,Low,4933,30.48,Obese
18,184,70,Male,Muscle Gain,Vegetarian,High,2288,20.68,Normal
24,177,67,Male,Maintain Fitness,Non-Vegetarian,Moderate,2476,21.39,Normal
18,166,57,Female,Maintain Fitness,Vegetarian,Low,3891,20.69,Normal
19,180,55,Male,Weight Loss,Non-Vegetarian,Low,1860,16.98,Underweight
19,159,61,Male,Muscle Gain,Non-Vegetarian,High,3883,24.13,Normal
26,178,65,Female,Maintain Fitness,Non-Vegetarian,High,3357,20.52,Normal
27,170,90,Female,Muscle Gain,Vegetarian,High,1489,31.14,Obese
30,169,70,Female,Muscle Gain,Non-Vegetarian,High,3070,24.51,Normal
29,185,58,Male,Muscle Gain,Vegetarian,High,2787,16.95,Underweight
20,180,55,Female,Weight Loss,Non-Vegetarian,Low,4612,16.98,Underweight
29,160,68,Female,Maintain Fitness,Non-Vegetarian,Moderate,2590,26.56,Overweight
19,150,84,Male,Muscle Gain,Non-Vegetarian,High,3815,37.33,Obese
29,188,93,Male,Muscle Gain,Non-Vegetarian,High,1959,26.31,Overweight
23,183,73,Male,Muscle Gain,Non-Vegetarian,Moderate,2025,21.8,Normal
30,172,50,Male,Weight Loss,Non-Vegetarian,High,4747,16.9,Underweight
18,162,78,Male,Muscle Gain,Vegetarian,Low,2265,29.72,Overweight
30,174,85,Male,Muscle Gain,Non-Vegetarian,Moderate,3965,28.08,Overweight
23,154,62,Female,Muscle Gain,Vegetarian,Moderate,2142,26.14,Overweight
24,185,79,Male,Muscle Gain,Vegetarian,Moderate,2650,23.08,Normal
18,184,84,Male,Maintain Fitness,Vegetarian,Moderate,3036,24.81,Normal
21,157,63,Female,Maintain Fitness,Non-Vegetarian,Moderate,3055,25.56,Overweight
20,152,63,Male,Weight Loss,Vegetarian,Low,4021,27.27,Overweight
18,151,70,Male,Maintain Fitness,Vegetarian,Moderate,1623,30.7,Obese
19,150,82,Male,Weight Loss,Non-Vegetarian,Moderate,1596,36.44,Obese
19,158,65,Male,Weight Loss,Non-Vegetarian,Low,3043,26.04,Overweight
22,190,60,Male,Weight Loss,Non-Vegetarian,Low,1701,16.62,Underweight
24,168,73,Male,Weight Loss,Vegetarian,Moderate,4144,25.86,Overweight
24,178,49,Female,Maintain Fitness,Vegetarian,High,1108,15.47,Underweight
30,174,83,Female,Weight Loss,Vegetarian,Moderate,1465,27.41,Overweight
30,175,53,Male,Muscle Gain,Vegetarian,Moderate,2975,17.31,Underweight
23,188,80,Male,Weight Loss,Vegetarian,High,4034,22.63,Normal
19,182,94,Female,Muscle Gain,Non-Vegetarian,High,4470,28.38,Overweight
24,178,48,Male,Weight Loss,Vegetarian,Moderate,4188,15.15,Underweight
20,178,56,Female,Muscle Gain,Vegetarian,Moderate,2682,17.67,Underweight
29,177,47,Male,Weight Loss,Non-Vegetarian,Low,4112,15.0,Underweight
29,173,51,Female,Weight Loss,Vegetarian,Low,2277,17.04,Underweight
21,175,53,Male,Muscle Gain,Non-Vegetarian,High,2899,17.31,Underweight
28,176,61,Male,Maintain Fitness,Vegetarian,Low,4744,19.69,Normal
22,162,47,Male,Muscle Gain,Non-Vegetarian,Low,3650,17.91,Underweight
25,162,65,Female,Weight Loss,Vegetarian,High,1238,24.77,Normal
21,151,46,Female,Muscle Gain,Vegetarian,Moderate,2968,20.17,Normal
27,154,85,Male,Weight Loss,Vegetarian,High,3199,35.84,Obese
19,183,52,Female,Maintain Fitness,Vegetarian,High,2636,15.53,Underweight
25,157,93,Male,Maintain Fitness,Non-Vegetarian,Moderate,2712,37.73,Obese
25,184,63,Male,Maintain Fitness,Non-Vegetarian,Low,2300,18.61,Normal
23,153,68,Male,Muscle Gain,Non-Vegetarian,High,2798,29.05,Overweight
19,168,84,Female,Weight Loss,Non-Vegetarian,Low,2339,29.76,Overweight
24,159,92,Female,Muscle Gain,Non-Vegetarian,Low,4409,36.39,Obese
26,174,61,Female,Muscle Gain,Vegetarian,Low,2286,20.15,Normal
22,167,72,Female,Weight Loss,Vegetarian,Low,3044,25.82,Overweight
23,153,78,Male,Weight Loss,Vegetarian,High,1457,33.32,Obese
29,157,89,Male,Muscle Gain,Non-Vegetarian,Low,1740,36.11,Obese
21,150,67,Female,Maintain Fitness,Non-Vegetarian,Moderate,1138,29.78,Overweight
26,161,76,Male,Muscle Gain,Non-Vegetarian,Low,3967,29.32,Overweight
30,153,90,Male,Weight Loss,Non-Vegetarian,Moderate,3977,38.45,Obese
28,186,66,Female,Maintain Fitness,Non-Vegetarian,High,4451,19.08,Normal
27,166,72,Female,Muscle Gain,Vegetarian,Low,4450,26.13,Overweight
20,187,57,Female,Weight Loss,Non-Vegetarian,Low,2110,16.3,Underweight
18,162,56,Male,Weight Loss,Vegetarian,High,4388,21.34,Normal
19,179,56,Male,Maintain Fitness,Non-Vegetarian,High,3086,17.48,Underweight
27,152,54,Female,Weight Loss,Vegetarian,Low,4761,23.37,Normal
25,159,77,Female,Muscle Gain,Non-Vegetarian,Low,2693,30.46,Obese
26,164,55,Male,Muscle Gain,Vegetarian,Low,2200,20.45,Normal
28,151,68,Female,Maintain Fitness,Vegetarian,Low,2843,29.82,Overweight
30,161,92,Female,Muscle Gain,Vegetarian,High,4033,35.49,Obese
23,163,90,Female,Maintain Fitness,Vegetarian,Low,2638,33.87,Obese
23,162,58,Male,Muscle Gain,Vegetarian,High,1818,22.1,Normal
18,183,87,Male,Maintain Fitness,Vegetarian,High,4027,25.98,Overweight
27,169,90,Female,Weight Loss,Non-Vegetarian,Low,4087,31.51,Obese
22,153,45,Male,Maintain Fitness,Vegetarian,High,4981,19.22,Normal
28,164,65,Female,Weight Loss,Non-Vegetarian,High,4132,24.17,Normal
27,190,90,Male,Muscle Gain,Non-Vegetarian,Low,1584,24.93,Normal
24,168,85,Male,Weight Loss,Vegetarian,Low,2816,30.12,Obese
26,153,65,Female,Muscle Gain,Non-Vegetarian,Moderate,3670,27.77,Overweight
25,176,94,Female,Maintain Fitness,Vegetarian,Low,1984,30.35,Obese
28,155,58,Female,Weight Loss,Non-Vegetarian,Low,3734,24.14,Normal
22,163,89,Female,Weight Loss,Non-Vegetarian,High,3491,33.5,Obese
23,154,77,Female,Maintain Fitness,Vegetarian,Moderate,4780,32.47,Obese
23,156,90,Female,Weight Loss,Vegetarian,High,4303,36.98,Obese
20,184,73,Male,Muscle Gain,Vegetarian,Moderate,2259,21.56,Normal
26,160,49,Female,Muscle Gain,Non-Vegetarian,Moderate,3144,19.14,Normal
29,164,86,Female,Weight Loss,Non-Vegetarian,High,3992,31.98,Obese
20,187,46,Female,Maintain Fitness,Non-Vegetarian,High,3097,13.15,Underweight
19,179,81,Male,Muscle Gain,Vegetarian,Moderate,3466,25.28,Overweight
28,171,72,Female,Muscle Gain,Non-Vegetarian,High,4270,24.62,Normal
20,161,47,Male,Weight Loss,Non-Vegetarian,Moderate,3470,18.13,Underweight
19,161,80,Male,Muscle Gain,Vegetarian,Low,1726,30.86,Obese
27,185,49,Female,Muscle Gain,Vegetarian,Moderate,4538,14.32,Underweight
29,171,81,Male,Muscle Gain,Non-Vegetarian,Low,1566,27.7,Overweight
19,176,83,Female,Weight Loss,Vegetarian,High,4528,26.79,Overweight
28,187,59,Male,Muscle Gain,Vegetarian,High,3850,16.87,Underweight
23,184,78,Male,Muscle Gain,Vegetarian,Low,1983,23.04,Normal
24,154,67,Male,Muscle Gain,Non-Vegetarian,Low,4984,28.25,Overweight
21,154,80,Male,Maintain Fitness,Vegetarian,Low,1351,33.73,Obese
23,167,65,Female,Maintain Fitness,Vegetarian,High,1625,23.31,Normal
24,184,72,Female,Muscle Gain,Vegetarian,Moderate,1061,21.27,Normal
18,183,88,Female,Maintain Fitness,Vegetarian,Moderate,1217,26.28,Overweight
22,162,76,Male,Maintain Fitness,Non-Vegetarian,Moderate,3093,28.96,Overweight
29,166,87,Male,Weight Loss,Vegetarian,Moderate,1876,31.57,Obese
24,165,60,Female,Weight Loss,Vegetarian,Low,1958,22.04,Normal
19,179,84,Male,Weight Loss,Non-Vegetarian,High,2616,26.22,Overweight
25,169,90,Female,Maintain Fitness,Vegetarian,High,1488,31.51,Obese
28,183,61,Male,Maintain Fitness,Non-Vegetarian,Moderate,4511,18.21,Underweight
22,165,86,Male,Weight Loss,Vegetarian,High,2947,31.59,Obese
23,170,72,Male,Maintain Fitness,Vegetarian,Moderate,3876,24.91,Normal
18,180,93,Male,Maintain Fitness,Non-Vegetarian,High,3177,28.7,Overweight
